{"Iteration": 0, "ExpectedImprovement": 0.03053279221057892, "ActualImprovement": 0.021342135921120553, "ImprovementRatio": 0.6989906384561183, "MeanKL": 0.006456656847149134, "Entropy": 0.6924999356269836, "Perplexity": 1.9987059831619263, "AveragePolicyProb[0]": 0.5015509128570557, "AveragePolicyProb[1]": 0.4984491169452667, "AverageReturn": 23.46153846153846, "MinReturn": 9.0, "MaxReturn": 81.0, "StdReturn": 11.748095653308663, "AverageEpisodeLength": 23.46153846153846, "MinEpisodeLength": 9.0, "MaxEpisodeLength": 81.0, "StdEpisodeLength": 11.748095653308663, "TotalNEpisodes": 78, "TotalNSamples": 1830.0, "ExplainedVariance": -0.005866496324034243}
{"Iteration": 1, "ExpectedImprovement": 0.031850802898406985, "ActualImprovement": 0.027117319405078888, "ImprovementRatio": 0.8513857403084542, "MeanKL": 0.006727075669914484, "Entropy": 0.6844205856323242, "Perplexity": 1.982622742652893, "AveragePolicyProb[0]": 0.4936773180961609, "AveragePolicyProb[1]": 0.5063227415084839, "AverageReturn": 24.92, "MinReturn": 10.0, "MaxReturn": 68.0, "StdReturn": 12.203016020640144, "AverageEpisodeLength": 24.92, "MinEpisodeLength": 10.0, "MaxEpisodeLength": 68.0, "StdEpisodeLength": 12.203016020640144, "TotalNEpisodes": 153, "TotalNSamples": 3772.0, "ExplainedVariance": 0.2602905429454455}
