{"episode_rewards": [-8.407080957881407, -5.097753608885978, -14.01121310708113, -10.492221407806209, -15.656551570619925, -1.1503996983083207, -16.404429451789476, -10.788545869202062, -21.1624907999314, -11.66042108276597, -18.780516235221874, -35.77942893668951, -7.466823093534913, -10.36272747600451, -9.602451984680375, -12.496743500426238, -19.025866070562913, -11.14249100024899, -6.441016388914431, -11.142828244768317, -21.753416394555824, -8.705051126147737, -11.892129710578592, -12.736495619245396, -11.159092111501376, -7.995427503310202, -1.3611515451455496, -5.8502326813249965, -15.280273357294206, -6.50105104924296, -14.636031555666705, -12.593844052836356, -6.068543921437231, -7.428611462196568, -9.695917014314908], "timestamps": [1525179757.434805, 1525179757.502667, 1525179757.586495, 1525179757.6690383, 1525179757.7422085, 1525179757.8247843, 1525179757.9103484, 1525179757.9819407, 1525179758.065306, 1525179758.1423907, 1525179758.2248902, 1525179758.3385801, 1525179758.4152758, 1525179758.5987828, 1525179758.6833153, 1525179758.7697568, 1525179758.8704252, 1525179760.6250715, 1525179760.691837, 1525179760.7740076, 1525179760.865519, 1525179760.9424102, 1525179761.002541, 1525179761.0675797, 1525179761.1582892, 1525179761.2501564, 1525179761.3470316, 1525179761.4281385, 1525179761.5599024, 1525179761.6524355, 1525179761.7469676, 1525179761.8461, 1525179761.926339, 1525179762.0302885, 1525179762.0988631], "initial_reset_timestamp": 1525179757.3263335, "episode_lengths": [17, 15, 18, 18, 16, 17, 19, 14, 17, 15, 17, 23, 16, 35, 16, 17, 21, 15, 15, 17, 20, 16, 13, 13, 17, 18, 18, 16, 26, 18, 17, 20, 16, 18, 15], "episode_types": ["t", "t", "t", "t", "t", "t", "t", "t", "t", "t", "t", "t", "t", "t", "t", "t", "t", "t", "t", "t", "t", "t", "t", "t", "t", "t", "t", "t", "t", "t", "t", "t", "t", "t", "t", "t"]}