{"episode_rewards": [-6.62687889165827, -11.416225435765227, -0.058453770911728764, -11.936689121121889, -11.87384332868969, -9.375508895650272, -10.87875367738161, -11.885094155538535, -9.425001624294964, -8.932809004795855, -13.352362736496435, -8.633410559334154, -10.770862211204076, -7.581187026089173, -11.53565424124681, -14.715406802363578, -14.601175158220576, -7.063303825780167, -5.752929148240946, -11.875782605119458, -9.639953576939298, -17.791313464067933, -12.114441183771122, -16.848646718302916, -16.498859662443284, -7.65410805605352, -11.731197154245457, -7.778079232544405, -7.047433408588405, -7.87171853070031, -4.707118121845997, -5.512024608887442, -5.856017437179981, -10.799953447733422, -3.743259908673644], "timestamps": [1525179757.4476295, 1525179757.503788, 1525179757.5894146, 1525179757.6583154, 1525179757.7183793, 1525179757.7916045, 1525179758.014276, 1525179758.094972, 1525179758.1828177, 1525179758.251685, 1525179758.3336568, 1525179758.4162421, 1525179758.4960938, 1525179758.5903208, 1525179758.6998663, 1525179758.78051, 1525179758.8486807, 1525179760.5994177, 1525179760.677734, 1525179760.7486262, 1525179760.8140597, 1525179760.8814614, 1525179760.9566467, 1525179761.0382128, 1525179761.1364958, 1525179761.2291305, 1525179761.3184865, 1525179761.4337566, 1525179761.5234342, 1525179761.6015165, 1525179761.673698, 1525179761.7710724, 1525179761.851768, 1525179761.9993172, 1525179762.0772307], "initial_reset_timestamp": 1525179757.3511178, "episode_lengths": [19, 13, 18, 16, 13, 16, 45, 17, 17, 15, 16, 17, 16, 18, 20, 16, 14, 16, 16, 15, 14, 14, 16, 17, 19, 18, 17, 22, 17, 16, 13, 18, 17, 27, 16], "episode_types": ["t", "t", "t", "t", "t", "t", "t", "t", "t", "t", "t", "t", "t", "t", "t", "t", "t", "t", "t", "t", "t", "t", "t", "t", "t", "t", "t", "t", "t", "t", "t", "t", "t", "t", "t", "t"]}