{"episode_rewards": [-11.236901332843992, -10.220285497048462, -11.643888308585158, -14.690105313956153, -19.95885143522173, -13.341634473063456, -8.29449255792133, -5.0794605671093445, -8.306617063054, -12.869427018349235, -18.857447699162, -8.410815509466918, -6.749528812478821, -14.198667737572395, -13.528724829164279, -16.999745671931308, -14.029112841503231, -8.441106256138301, -11.552778187692457, -4.986302840293502, -20.57282414067595, -7.961328278941801, -16.316668971648326, -18.5437306727079, -15.404979309363988, -4.0897358093265215, -10.910467313832488, -19.540849525666275, -14.283228539294214, -5.260190827400947, -7.913836504551003, -15.40300932198588, -7.245498506393049, -12.658403778904178, -9.90825788048387, -2.44751603982877], "timestamps": [1525179757.4221516, 1525179757.5101025, 1525179757.586258, 1525179757.684562, 1525179757.7699716, 1525179757.8504333, 1525179757.9297569, 1525179758.007859, 1525179758.0831254, 1525179758.1767175, 1525179758.2866201, 1525179758.3632622, 1525179758.441324, 1525179758.5044348, 1525179758.5871625, 1525179758.6717627, 1525179758.7636085, 1525179758.8461993, 1525179760.6229868, 1525179760.7020104, 1525179760.8075743, 1525179760.8696399, 1525179760.950546, 1525179761.027595, 1525179761.0999966, 1525179761.2188144, 1525179761.3025224, 1525179761.3991082, 1525179761.4871666, 1525179761.5708687, 1525179761.6670659, 1525179761.7469318, 1525179761.8354414, 1525179761.9262156, 1525179762.0521758, 1525179762.1299891], "initial_reset_timestamp": 1525179757.325921, "episode_lengths": [15, 18, 17, 22, 18, 17, 17, 15, 16, 18, 23, 15, 16, 13, 16, 15, 18, 17, 20, 17, 23, 13, 17, 16, 14, 23, 16, 19, 16, 17, 18, 15, 18, 18, 23, 16], "episode_types": ["t", "t", "t", "t", "t", "t", "t", "t", "t", "t", "t", "t", "t", "t", "t", "t", "t", "t", "t", "t", "t", "t", "t", "t", "t", "t", "t", "t", "t", "t", "t", "t", "t", "t", "t", "t", "t"]}