{"episode_rewards": [-10.941944501933179, -16.599785259300553, -5.904713001669734, -20.609236733389842, -20.83050327319361, -19.796371297223963, -4.275412148309988, -5.2243101843923805, -6.1098472643046975, -11.470954624867593, -12.710532197762223, -11.685459977162827, -7.785233392308873, -11.116925902155343, -9.335962511201796, -9.49888844544621, -15.373368987572032, -11.99568953873968, -14.772537379001731, -9.9920406132238, -5.369397226389266, -16.29909857285384, -16.07158355962747, -5.643479695238057, -12.013373476199924, -15.06975092155335, -4.040491359238513, -16.40893761132611, -9.048348815727513, -12.88403844236309, -10.700222395970195, -13.580996628140563, -19.032921767148945, -8.320273303384601, -16.840059880567424, -12.36967557513417], "timestamps": [1525179757.4354565, 1525179757.4974163, 1525179757.5791802, 1525179757.718691, 1525179757.7976825, 1525179757.8684814, 1525179757.9644728, 1525179758.0336215, 1525179758.1275516, 1525179758.220054, 1525179758.2970164, 1525179758.3741043, 1525179758.4670188, 1525179758.5495672, 1525179758.641992, 1525179758.7134566, 1525179758.7940643, 1525179758.876618, 1525179760.6416135, 1525179760.7117727, 1525179760.7956634, 1525179760.9053748, 1525179760.966243, 1525179761.0537932, 1525179761.1431773, 1525179761.2201052, 1525179761.3021297, 1525179761.3943007, 1525179761.4685962, 1525179761.5661144, 1525179761.6600473, 1525179761.7607014, 1525179761.8620756, 1525179761.9409778, 1525179762.0214012, 1525179762.094074], "initial_reset_timestamp": 1525179757.326442, "episode_lengths": [17, 14, 18, 30, 17, 15, 19, 14, 19, 19, 16, 15, 19, 17, 16, 14, 16, 17, 17, 16, 18, 23, 13, 18, 17, 15, 16, 18, 14, 19, 18, 18, 21, 15, 14, 16], "episode_types": ["t", "t", "t", "t", "t", "t", "t", "t", "t", "t", "t", "t", "t", "t", "t", "t", "t", "t", "t", "t", "t", "t", "t", "t", "t", "t", "t", "t", "t", "t", "t", "t", "t", "t", "t", "t", "t"]}