{"episode_rewards": [-13.377699230487632, -4.061973666012638, -8.693509621662088, -31.474936555714525, -10.58657020949904, -17.887446908792477, -8.251751814330055, -10.858313748482034, -9.99879673865944, -19.542592534711005, -20.912736652417518, -14.11742146275792, -9.956408555363307, -10.255030312098096, -10.921945666758985, -5.043331711259089, -9.57799914352654, -10.034514750610104, -22.859772929344036, -11.047933270879732, -11.595983765434358, -14.31360154949507, -6.58660741087515, -9.387470623449191, -15.203690400258347, -15.874628986349853, -10.405943077134726, -6.4682110908513994, -12.016296298307134, -12.284880442624855, -10.713665884015791, -18.432766097279096, -5.788668734395468, -7.732333750161342], "timestamps": [1525179757.4705431, 1525179757.5549693, 1525179757.6316605, 1525179757.747283, 1525179757.8194244, 1525179757.8918617, 1525179757.9779575, 1525179758.043061, 1525179758.1376042, 1525179758.3541663, 1525179758.454228, 1525179758.527301, 1525179758.6204257, 1525179758.6946213, 1525179758.7640352, 1525179758.8408673, 1525179760.6046548, 1525179760.6830223, 1525179760.754719, 1525179760.838878, 1525179760.9189756, 1525179761.007515, 1525179761.1749973, 1525179761.261291, 1525179761.3383868, 1525179761.4154675, 1525179761.510733, 1525179761.5958228, 1525179761.7187955, 1525179761.8068085, 1525179761.8685818, 1525179761.9603071, 1525179762.0526931, 1525179762.1377578], "initial_reset_timestamp": 1525179757.326366, "episode_lengths": [25, 19, 16, 25, 15, 16, 17, 13, 19, 44, 20, 15, 17, 14, 14, 16, 18, 16, 15, 18, 17, 19, 32, 17, 15, 15, 17, 18, 23, 17, 12, 17, 18, 17], "episode_types": ["t", "t", "t", "t", "t", "t", "t", "t", "t", "t", "t", "t", "t", "t", "t", "t", "t", "t", "t", "t", "t", "t", "t", "t", "t", "t", "t", "t", "t", "t", "t", "t", "t", "t", "t"]}