{"episode_rewards": [-14.4773196078866, -14.103942996119441, -31.19424465652409, -34.795579500285385, -12.419978142915351, -11.596719042160839, -10.537585213765851, -4.651373014543787, -9.342771932457982, -8.603796086693183, -0.13484322978329244, -9.69711625433265, -15.709506053999938, -12.165492441062815, -12.91726889139245, -11.729093561242918, -5.687021170774823, -26.380902523752592, -3.202808620419819, -17.144185870379445, -4.349093264694966, -14.1336490490663, -8.90699582196103, -27.77832856910391, -5.25601381627348, 0.9309909392584812, -7.474419000417402, -12.532810387208883, -15.029834493616363, -8.847619761168607], "timestamps": [1525179757.4380884, 1525179757.5033789, 1525179757.616626, 1525179757.7186525, 1525179757.8028166, 1525179757.8747735, 1525179757.9531457, 1525179758.0490878, 1525179758.1324246, 1525179758.2164254, 1525179758.4072456, 1525179758.4848473, 1525179758.5771723, 1525179758.6563377, 1525179758.741994, 1525179758.826118, 1525179760.5905297, 1525179760.7684574, 1525179760.8535745, 1525179760.98151, 1525179761.0629094, 1525179761.1460817, 1525179761.234536, 1525179761.3386536, 1525179761.4223654, 1525179761.5430913, 1525179761.6205213, 1525179761.7078724, 1525179761.993119, 1525179762.0721667], "initial_reset_timestamp": 1525179757.3514144, "episode_lengths": [17, 15, 24, 23, 18, 15, 16, 19, 17, 18, 38, 16, 18, 14, 17, 17, 18, 37, 18, 28, 16, 15, 18, 20, 16, 23, 16, 16, 54, 16], "episode_types": ["t", "t", "t", "t", "t", "t", "t", "t", "t", "t", "t", "t", "t", "t", "t", "t", "t", "t", "t", "t", "t", "t", "t", "t", "t", "t", "t", "t", "t", "t", "t"]}