{"episode_rewards": [-18.572883152174473, -11.149468116863863, -9.862694167562587, -4.491180324462766, -24.170761803601636, -13.892330813547595, -20.47736846761108, -18.39306626010803, -14.22258451857342, -11.140504366306413, -3.7569966777067747, -13.880902623968721, -9.746315128398418, -11.479163767024875, -11.357505734472943, -10.422688161679252, -4.8798110175004705, -14.136767648234672, -12.463811972244002, -17.46866929877433, -10.734966438000265, -10.55213691550307, -13.236923210031819, -12.784242498404637, -11.553354909224435, -9.49488309051085, -13.629691253465719, -8.757395141368033, -11.261419732065406, -14.322300869332686, -8.973052446938526, -8.693396512152685, -6.523738287187007, -4.19529945372924, -16.447967561869884, -12.375409921319807, -7.07520354395383], "timestamps": [1525179757.4177942, 1525179757.5027092, 1525179757.5786967, 1525179757.6975517, 1525179757.7649314, 1525179757.8389046, 1525179757.9435012, 1525179758.0277267, 1525179758.10584, 1525179758.1711586, 1525179758.2513313, 1525179758.332967, 1525179758.4155054, 1525179758.4959965, 1525179758.5690005, 1525179758.6561518, 1525179758.7515886, 1525179758.8258696, 1525179760.5537736, 1525179760.7481391, 1525179760.8187838, 1525179760.8868058, 1525179760.95579, 1525179761.022007, 1525179761.088877, 1525179761.1796105, 1525179761.2599726, 1525179761.3377492, 1525179761.4216163, 1525179761.5038052, 1525179761.5777235, 1525179761.6584039, 1525179761.7316117, 1525179761.8185737, 1525179761.9519973, 1525179762.030095, 1525179762.1037362], "initial_reset_timestamp": 1525179757.326354, "episode_lengths": [14, 18, 17, 26, 14, 15, 23, 16, 16, 13, 17, 16, 17, 16, 15, 15, 19, 15, 15, 36, 15, 14, 15, 14, 13, 17, 16, 15, 16, 15, 15, 16, 13, 17, 26, 14, 16], "episode_types": ["t", "t", "t", "t", "t", "t", "t", "t", "t", "t", "t", "t", "t", "t", "t", "t", "t", "t", "t", "t", "t", "t", "t", "t", "t", "t", "t", "t", "t", "t", "t", "t", "t", "t", "t", "t", "t", "t"]}