{"episode_rewards": [-10.744870881926907, -3.820423131025746, -12.35852792543883, -11.403636442904826, -7.69987534287211, -6.5293417488486725, -2.8208850412047477, -10.501174438689485, -31.744352147326577, -7.758918009922492, -5.20462386362924, -13.273714914292212, -8.202672791051738, -4.383716388446919, -4.706628169899341, -15.504788642797212, -7.397785563839713, -8.231492017720303, -2.7036494326966922, -18.620720152946888, -8.526975157932611, -4.278407862891619, -9.965442876430458, -15.72326793816028, -15.88461640897003, -8.351641137106345, -15.56953651163931, -8.730059939775673, -12.176641708405805, -11.738476701853507, -13.372871138081248, -4.539414441815461, -17.581285514229968], "timestamps": [1525179757.417612, 1525179757.4909098, 1525179757.5636382, 1525179757.6479294, 1525179757.742409, 1525179757.8142154, 1525179757.8861864, 1525179757.9638405, 1525179758.1319222, 1525179758.2158349, 1525179758.3108768, 1525179758.3983405, 1525179758.4768403, 1525179758.5491424, 1525179758.647655, 1525179758.7296934, 1525179758.8206658, 1525179760.5832121, 1525179760.6731868, 1525179760.8003814, 1525179760.8822458, 1525179760.96615, 1525179761.1650229, 1525179761.2514005, 1525179761.338232, 1525179761.4220746, 1525179761.5150657, 1525179761.595894, 1525179761.6855495, 1525179761.7714045, 1525179761.8773828, 1525179761.972309, 1525179762.0940452], "initial_reset_timestamp": 1525179757.3264246, "episode_lengths": [14, 16, 16, 18, 20, 15, 16, 15, 34, 18, 19, 17, 16, 15, 17, 17, 18, 18, 18, 27, 17, 18, 39, 17, 17, 16, 17, 17, 16, 16, 22, 17, 25], "episode_types": ["t", "t", "t", "t", "t", "t", "t", "t", "t", "t", "t", "t", "t", "t", "t", "t", "t", "t", "t", "t", "t", "t", "t", "t", "t", "t", "t", "t", "t", "t", "t", "t", "t", "t"]}