{"episode_rewards": [-11.690462255805324, -23.11088905422075, -76.94032309491885, -12.256537702755306, -15.320886800720473, -7.307743952696912, -14.289686062086549, -6.527711104975608, -10.687895983034107, -13.19238004465296, -21.133759128584643, -17.07982684890594, -10.659535860506006, -13.977337480799179, -6.283261369401589, -10.822748235083418, -16.420983331692696, -12.444633274929947, -14.701889155397659, -12.954048485230304, -13.880457848258086, -15.45048846623831, -20.591511264932343, -12.151995995832841, -13.246100599320197, -8.828402802064373, -4.937492675424437, -11.846999261001475, -5.9326039334162495, -10.27652126719331, -9.263805056457933, -10.454681480623549, -13.52767633991898, -3.785132105245429, -4.1032506565607045], "timestamps": [1525179757.4289825, 1525179757.5057416, 1525179757.748281, 1525179757.8343933, 1525179757.9160826, 1525179758.0029268, 1525179758.078427, 1525179758.1661942, 1525179758.2433712, 1525179758.319281, 1525179758.3828819, 1525179758.4674118, 1525179758.6637719, 1525179758.7219567, 1525179758.8023825, 1525179758.8754158, 1525179760.6408615, 1525179760.7180889, 1525179760.7911763, 1525179760.853788, 1525179760.9101274, 1525179760.980844, 1525179761.0530756, 1525179761.190855, 1525179761.2666059, 1525179761.3412995, 1525179761.433831, 1525179761.515487, 1525179761.5880966, 1525179761.6851315, 1525179761.7657862, 1525179761.8521385, 1525179761.916, 1525179762.0107129, 1525179762.0852242], "initial_reset_timestamp": 1525179757.3516905, "episode_lengths": [16, 16, 53, 18, 18, 17, 16, 17, 16, 15, 13, 17, 37, 12, 16, 15, 17, 17, 16, 13, 12, 16, 14, 26, 15, 14, 18, 15, 15, 18, 15, 18, 13, 16, 16], "episode_types": ["t", "t", "t", "t", "t", "t", "t", "t", "t", "t", "t", "t", "t", "t", "t", "t", "t", "t", "t", "t", "t", "t", "t", "t", "t", "t", "t", "t", "t", "t", "t", "t", "t", "t", "t", "t"]}