{"episode_rewards": [-13.321616360648477, -15.050280430728161, -20.847607765540303, -21.68249636001419, -8.693840454213206, -11.893596533119851, -17.180244675753055, -6.157702210865682, -6.9687658193201045, -7.955413569809753, -13.249156483766274, -15.610897923176529, -7.506893535167911, -8.519605045295613, -9.102441808064759, -6.805897022284626, -12.951206067658495, -22.031390353296594, -7.961507685037213, -25.356120551959613, -7.91456403297052, -4.213192111664103, -11.190171407519665, -11.62854190694052, -11.124468985467686, -11.427091341449707, -4.795406088134041, -7.647794982681807, -1.7935570473418923, -10.869021217241244, -12.558957029209704, -9.401678892820202, -15.316474182387172, -16.617274402640756, -8.749128677300178, -11.549159127866734, -12.730717996729075], "timestamps": [1525179757.4175904, 1525179757.496383, 1525179757.574209, 1525179757.6733663, 1525179757.747513, 1525179757.8198345, 1525179757.910561, 1525179757.9967954, 1525179758.0783775, 1525179758.1607745, 1525179758.2294095, 1525179758.3114498, 1525179758.3897765, 1525179758.4620817, 1525179758.5440598, 1525179758.6419833, 1525179758.7313414, 1525179758.8152373, 1525179760.5555303, 1525179760.6647556, 1525179760.7428854, 1525179760.8241682, 1525179760.9300277, 1525179760.9923518, 1525179761.0790193, 1525179761.2014537, 1525179761.2868247, 1525179761.3643184, 1525179761.4531248, 1525179761.5376637, 1525179761.6149573, 1525179761.7022934, 1525179761.7972257, 1525179761.860765, 1525179761.9334707, 1525179762.0309458, 1525179762.110736], "initial_reset_timestamp": 1525179757.3264039, "episode_lengths": [14, 17, 17, 21, 16, 15, 20, 17, 17, 16, 14, 17, 15, 15, 17, 17, 18, 17, 17, 18, 17, 17, 22, 14, 17, 23, 17, 15, 17, 16, 16, 16, 18, 13, 14, 17, 17], "episode_types": ["t", "t", "t", "t", "t", "t", "t", "t", "t", "t", "t", "t", "t", "t", "t", "t", "t", "t", "t", "t", "t", "t", "t", "t", "t", "t", "t", "t", "t", "t", "t", "t", "t", "t", "t", "t", "t", "t"]}