{"episode_rewards": [-10.579618221832789, -33.48407268960291, -41.28293306203996, -9.263212708204811, -10.695410976071436, -5.052958017178752, -11.565859670721693, -11.740862022172951, -5.813312943716301, -16.118610608145538, -6.919151280965888, -9.573281001568828, -7.651993147654867, -20.703594931024416, -12.886967321732664, -3.4285156540863686, -8.87043543531472, -8.209435608908827, -20.380888262813095, -12.64878243182029, -1.1239299672408392, -12.995152064642754, -16.996768840528965, -13.017579441366252, -8.2887581471834, -11.15120949569682, -11.146703163294296, -10.144569691480138, -17.606588444883528, -5.101069385024312, -13.908101949279079, -8.465918846182467, -3.9506193001201617], "timestamps": [1525179757.4235113, 1525179757.6048472, 1525179757.7277062, 1525179757.8340101, 1525179757.9150183, 1525179758.0079823, 1525179758.0834806, 1525179758.1770308, 1525179758.2422113, 1525179758.3881786, 1525179758.4765432, 1525179758.5490577, 1525179758.6409056, 1525179758.8019836, 1525179760.5542166, 1525179760.6631591, 1525179760.728265, 1525179760.8076484, 1525179760.914214, 1525179760.986897, 1525179761.0784898, 1525179761.174692, 1525179761.2812746, 1525179761.3692567, 1525179761.4671094, 1525179761.5514996, 1525179761.6257257, 1525179761.7125509, 1525179761.7904835, 1525179761.888921, 1525179761.9654686, 1525179762.0521502, 1525179762.1310098], "initial_reset_timestamp": 1525179757.3263862, "episode_lengths": [15, 38, 28, 22, 18, 18, 16, 18, 14, 29, 18, 15, 16, 32, 20, 18, 14, 17, 22, 16, 18, 18, 21, 17, 19, 16, 15, 16, 15, 19, 14, 17, 16], "episode_types": ["t", "t", "t", "t", "t", "t", "t", "t", "t", "t", "t", "t", "t", "t", "t", "t", "t", "t", "t", "t", "t", "t", "t", "t", "t", "t", "t", "t", "t", "t", "t", "t", "t", "t"]}