{"episode_rewards": [-17.241394765055155, -16.316383833969304, -10.298578809497123, -19.75488018085161, -10.23684114247444, -12.2682906653994, -2.6353106110764206, -7.054744118230884, -6.966072034655372, -8.168548294335777, -13.727820887447162, -12.115082743701349, -10.82054679584835, -2.193257660482777, -7.843448764331697, -10.85660358111054, -6.340279983333312, -22.164648829145882, -5.600143020343967, -3.0451289437070956, -23.69673333159735, -19.084101483640552, -9.66774965828954, -7.33101109181589, -11.829087729440655, -12.841112403548323, -18.729196983906153, -16.170834217793892, -8.054952220249106, -14.904383265542856, -11.416112659378266, -10.799486841917679, -19.593466111276943, -10.189919703522174, -3.3586227705702183], "timestamps": [1525179757.4293017, 1525179757.4858692, 1525179757.5688138, 1525179757.6525536, 1525179757.7477338, 1525179757.8184102, 1525179757.9029741, 1525179757.9834027, 1525179758.0663612, 1525179758.1434956, 1525179758.2642698, 1525179758.3547573, 1525179758.4478443, 1525179758.5282617, 1525179758.6054344, 1525179758.6894412, 1525179758.7810948, 1525179760.5568292, 1525179760.6638834, 1525179760.7291052, 1525179760.7914193, 1525179760.8760307, 1525179760.951615, 1525179761.022569, 1525179761.109796, 1525179761.1903374, 1525179761.2928462, 1525179761.3836613, 1525179761.4618757, 1525179761.54321, 1525179761.642032, 1525179761.7254817, 1525179761.7908106, 1525179761.8836544, 1525179761.973434], "initial_reset_timestamp": 1525179757.3514915, "episode_lengths": [16, 13, 18, 18, 20, 15, 18, 16, 17, 15, 26, 17, 19, 16, 14, 16, 18, 25, 18, 14, 13, 18, 16, 15, 16, 16, 20, 18, 15, 15, 20, 15, 13, 18, 16], "episode_types": ["t", "t", "t", "t", "t", "t", "t", "t", "t", "t", "t", "t", "t", "t", "t", "t", "t", "t", "t", "t", "t", "t", "t", "t", "t", "t", "t", "t", "t", "t", "t", "t", "t", "t", "t", "t"]}