{"episode_rewards": [-17.07210096895578, -10.656082084789524, -5.921006123459666, -7.6495316763364825, -39.31021258673864, -11.233351932710503, -20.049617194892196, -5.642576502045268, -13.918214704765708, -11.467561928510259, -14.527578511046887, -19.63700093947555, -3.6493271203478788, -4.482703961739025, -7.476312465121738, -11.990100081595303, -10.444845963214178, -15.276998151841688, -19.710699616168856, -9.820279540489718, -17.317645202779385, -14.506491726200327, -13.109325329959393, -5.390916320135875, -8.155134015540536, -10.132082261303733, -32.365153922540784, -8.708237535382795, -3.1620973577330016, -2.3918390143764556, -12.860510691613305, -8.392427617557406, -15.21955826701451, -13.653873323016159, -13.806482181127647], "timestamps": [1525179757.4220104, 1525179757.495875, 1525179757.5784016, 1525179757.663413, 1525179757.8504596, 1525179757.9246197, 1525179758.0013063, 1525179758.0888171, 1525179758.1767, 1525179758.2366874, 1525179758.3272417, 1525179758.4224405, 1525179758.5046697, 1525179758.5920258, 1525179758.6774971, 1525179758.757165, 1525179758.852608, 1525179760.616893, 1525179760.682421, 1525179760.7681162, 1525179760.8323867, 1525179760.9037566, 1525179760.9805431, 1525179761.0463507, 1525179761.129283, 1525179761.2091396, 1525179761.380738, 1525179761.4734645, 1525179761.5653253, 1525179761.6385825, 1525179761.7313855, 1525179761.8173754, 1525179761.8937647, 1525179761.9868965, 1525179762.0623305], "initial_reset_timestamp": 1525179757.326322, "episode_lengths": [15, 16, 18, 18, 40, 16, 15, 18, 17, 13, 18, 19, 17, 16, 16, 16, 19, 18, 14, 18, 14, 15, 17, 13, 16, 15, 34, 17, 18, 15, 16, 17, 15, 17, 15], "episode_types": ["t", "t", "t", "t", "t", "t", "t", "t", "t", "t", "t", "t", "t", "t", "t", "t", "t", "t", "t", "t", "t", "t", "t", "t", "t", "t", "t", "t", "t", "t", "t", "t", "t", "t", "t", "t"]}