{"episode_rewards": [-9.472037447743059, -58.640488569479196, -8.637159596462151, -30.19397742946167, -25.62483436362527, -15.954446510654817, -15.441362515577929, -8.06527048880671, -13.424596548982663, -10.635777578408305, -13.031171011412516, -15.332970759674208, -8.85120672541234, -10.003803602876724, -13.68740571728122, -8.328762735605414, -7.9162140706961495, -11.127589562124921, -9.532616501297161, -7.281092377283494, -6.798318781638228, -10.317965957451088, -8.9111888493062, -7.831387348430873, -12.341902452000067, -4.698402315439306, -4.101012228733453, -11.018712859519292, -11.317930128748413, -2.8751861497716167, -8.639814335321716, -10.243343159857615], "timestamps": [1525179757.4482212, 1525179757.7128546, 1525179757.7870617, 1525179757.8933265, 1525179758.1059637, 1525179758.1884303, 1525179758.2756853, 1525179758.3646646, 1525179758.4365783, 1525179758.5216224, 1525179758.599296, 1525179758.678804, 1525179758.7701938, 1525179758.8540928, 1525179760.6124346, 1525179760.697325, 1525179760.7682035, 1525179760.839946, 1525179760.924446, 1525179760.9981525, 1525179761.0952315, 1525179761.191873, 1525179761.2724597, 1525179761.3597512, 1525179761.4437454, 1525179761.5288155, 1525179761.6066194, 1525179761.7554684, 1525179761.8411357, 1525179761.9216237, 1525179762.0257547, 1525179762.0939229], "initial_reset_timestamp": 1525179757.3265166, "episode_lengths": [19, 59, 16, 22, 43, 16, 19, 17, 15, 17, 14, 15, 18, 17, 17, 18, 15, 15, 18, 16, 19, 18, 16, 17, 16, 16, 16, 27, 18, 16, 18, 15], "episode_types": ["t", "t", "t", "t", "t", "t", "t", "t", "t", "t", "t", "t", "t", "t", "t", "t", "t", "t", "t", "t", "t", "t", "t", "t", "t", "t", "t", "t", "t", "t", "t", "t", "t"]}