{"episode_rewards": [-9.94009592113143, -16.188777935806137, -11.303558341063036, -14.002975440777664, -8.734835669388122, -18.374698131048348, -7.376484728170908, -12.99265598450147, -17.716473496386605, -8.38551847119961, -10.902214478720271, -8.121222855316592, -8.038789213245035, -16.547463345562573, -7.767569117208769, -9.20169865333737, -12.967195508250734, -14.090022345268517, -12.696487321671158, -7.9590362481918415, -20.44591934109776, -17.367995791035355, -20.788269576343012, -16.152189167332835, -7.128380113818276, -11.05522022091318, -14.23945448939339, -15.039107780516497, -13.346738024914522, -14.823976569806112, -9.739436602502245, -20.157758973324963, -7.012086410917982, -3.481575566141691, -12.7863646304555], "timestamps": [1525179757.4349499, 1525179757.510269, 1525179757.594872, 1525179757.6632714, 1525179757.7469788, 1525179757.8594542, 1525179757.949914, 1525179758.0271673, 1525179758.1118143, 1525179758.2509716, 1525179758.3434496, 1525179758.4311144, 1525179758.5137887, 1525179758.610242, 1525179758.6884227, 1525179758.7636318, 1525179758.8355856, 1525179760.5877812, 1525179760.6770365, 1525179760.7422118, 1525179760.8871446, 1525179760.9645257, 1525179761.072102, 1525179761.143844, 1525179761.2139244, 1525179761.3087752, 1525179761.4022589, 1525179761.4795086, 1525179761.559771, 1525179761.638992, 1525179761.7125647, 1525179761.8603876, 1525179761.9457693, 1525179762.0466237, 1525179762.1159096], "initial_reset_timestamp": 1525179757.3263454, "episode_lengths": [17, 16, 18, 16, 18, 24, 19, 15, 17, 29, 18, 18, 17, 17, 15, 15, 15, 16, 18, 14, 30, 17, 22, 13, 14, 18, 18, 15, 16, 16, 13, 29, 16, 19, 14], "episode_types": ["t", "t", "t", "t", "t", "t", "t", "t", "t", "t", "t", "t", "t", "t", "t", "t", "t", "t", "t", "t", "t", "t", "t", "t", "t", "t", "t", "t", "t", "t", "t", "t", "t", "t", "t", "t"]}