{"episode_rewards": [-11.010626166108706, -11.879696697733015, -12.646299881045705, -10.218533128265701, -10.918844478255776, -15.816912544266959, -9.572140478635264, -15.549571513278352, -9.155312817373488, -6.832647876597185, -4.039583918242716, -14.120770315369011, -15.393680138516356, -7.652046828051972, -56.60041238863778, -8.383102847008557, -9.172282534721306, -7.190187747191522, -2.2840444456785924, -11.98599359843065, -10.470625466776255, -17.501086225088514, -15.88617188109347, -5.673140408622567, -15.526135696780692, -13.821535350501655, -14.055506959505147, -10.467608176756766, -14.166419866181968, -9.178468127937233, -6.2915640748295125, -18.75683710769954, -9.582667022966781, -11.886133270655408], "timestamps": [1525179757.429887, 1525179757.5117016, 1525179757.5870578, 1525179757.6521673, 1525179757.7278326, 1525179757.808951, 1525179757.8870046, 1525179757.958635, 1525179758.0378513, 1525179758.1222825, 1525179758.203522, 1525179758.2822776, 1525179758.4169955, 1525179758.4908412, 1525179758.6999474, 1525179758.7756305, 1525179758.8633816, 1525179760.6354601, 1525179760.6972823, 1525179760.7632325, 1525179760.8483524, 1525179760.930063, 1525179760.9922955, 1525179761.0729916, 1525179761.1598756, 1525179761.2452323, 1525179761.3327935, 1525179761.4166932, 1525179761.4945493, 1525179761.5877774, 1525179761.6739807, 1525179761.8124278, 1525179761.9034362, 1525179761.999026], "initial_reset_timestamp": 1525179757.3264494, "episode_lengths": [16, 17, 17, 15, 16, 17, 17, 14, 16, 17, 17, 16, 27, 15, 39, 15, 18, 19, 14, 14, 18, 17, 14, 16, 16, 17, 17, 16, 14, 19, 16, 27, 18, 17], "episode_types": ["t", "t", "t", "t", "t", "t", "t", "t", "t", "t", "t", "t", "t", "t", "t", "t", "t", "t", "t", "t", "t", "t", "t", "t", "t", "t", "t", "t", "t", "t", "t", "t", "t", "t", "t"]}