{"episode_types": ["t", "t", "t", "t", "t", "t", "t", "t", "t", "t", "t", "t", "t", "t"], "timestamps": [1525179722.3806975, 1525179722.412685, 1525179722.489215, 1525179722.5271313, 1525179722.558733, 1525179722.8823087, 1525179722.9974053, 1525179723.0292208, 1525179723.0645528, 1525179723.1054318, 1525179723.448204, 1525179723.620804, 1525179723.6664913], "initial_reset_timestamp": 1525179722.2950947, "episode_rewards": [24.0, 14.0, 37.0, 22.0, 18.0, 15.0, 53.0, 16.0, 22.0, 22.0, 11.0, 83.0, 26.0], "episode_lengths": [24, 14, 37, 22, 18, 15, 53, 16, 22, 22, 11, 83, 26]}