{"episode_types": ["t", "t", "t", "t", "t", "t", "t", "t", "t", "t", "t", "t", "t", "t", "t"], "timestamps": [1525179722.370394, 1525179722.400759, 1525179722.427173, 1525179722.4668064, 1525179722.5327327, 1525179722.5679948, 1525179722.9443688, 1525179722.9716113, 1525179723.0253935, 1525179723.0645792, 1525179723.1073387, 1525179723.5800688, 1525179723.62941, 1525179723.6551042], "initial_reset_timestamp": 1525179722.295041, "episode_rewards": [19.0, 14.0, 11.0, 18.0, 38.0, 19.0, 32.0, 17.0, 29.0, 24.0, 23.0, 71.0, 27.0, 15.0], "episode_lengths": [19, 14, 11, 18, 38, 19, 32, 17, 29, 24, 23, 71, 27, 15]}