{"episode_types": ["t", "t", "t", "t", "t", "t", "t", "t", "t", "t", "t", "t", "t"], "timestamps": [1525179722.370464, 1525179722.4717772, 1525179722.4989402, 1525179722.5189364, 1525179722.5522738, 1525179722.913443, 1525179722.9365895, 1525179722.9716494, 1525179722.9917517, 1525179723.0459692, 1525179723.080661, 1525179723.4484034], "initial_reset_timestamp": 1525179722.295025, "episode_rewards": [19.0, 46.0, 15.0, 12.0, 20.0, 23.0, 11.0, 22.0, 12.0, 29.0, 20.0, 25.0], "episode_lengths": [19, 46, 15, 12, 20, 23, 11, 22, 12, 29, 20, 25]}