{"episode_types": ["t", "t", "t", "t", "t", "t", "t", "t", "t", "t", "t", "t"], "timestamps": [1525179722.3876595, 1525179722.436669, 1525179722.5153074, 1525179722.8677084, 1525179722.9331138, 1525179722.9649935, 1525179723.0039194, 1525179723.0696185, 1525179723.5189748, 1525179723.5641267, 1525179723.6689658], "initial_reset_timestamp": 1525179722.2962828, "episode_rewards": [27.0, 21.0, 42.0, 36.0, 18.0, 20.0, 22.0, 38.0, 55.0, 26.0, 59.0], "episode_lengths": [27, 21, 42, 36, 18, 20, 22, 38, 55, 26, 59]}