{"episode_types": ["t", "t", "t", "t", "t", "t", "t", "t", "t", "t", "t", "t", "t"], "timestamps": [1525179722.3923593, 1525179722.4323854, 1525179722.519433, 1525179722.541916, 1525179722.5718508, 1525179722.8848798, 1525179722.936941, 1525179722.9800835, 1525179723.021354, 1525179723.1093967, 1525179723.5248852, 1525179723.5592053], "initial_reset_timestamp": 1525179722.2960494, "episode_rewards": [29.0, 17.0, 46.0, 13.0, 16.0, 10.0, 15.0, 27.0, 22.0, 50.0, 37.0, 20.0], "episode_lengths": [29, 17, 46, 13, 16, 10, 15, 27, 22, 50, 37, 20]}