{"episode_types": ["t", "t", "t", "t", "t", "t", "t", "t", "t", "t", "t", "t", "t", "t", "t"], "timestamps": [1525179722.3868847, 1525179722.4825385, 1525179722.5085986, 1525179722.5591402, 1525179722.5782783, 1525179722.946077, 1525179722.9697714, 1525179723.010071, 1525179723.0338767, 1525179723.0533392, 1525179723.0857239, 1525179723.1154587, 1525179723.5188885, 1525179723.6594985], "initial_reset_timestamp": 1525179722.295784, "episode_rewards": [27.0, 44.0, 15.0, 29.0, 10.0, 27.0, 15.0, 22.0, 13.0, 12.0, 17.0, 18.0, 30.0, 81.0], "episode_lengths": [27, 44, 15, 29, 10, 27, 15, 22, 13, 12, 17, 18, 30, 81]}