{"episode_types": ["t", "t", "t", "t", "t", "t", "t", "t", "t"], "timestamps": [1525179722.5010185, 1525179722.575285, 1525179722.9555733, 1525179723.0378602, 1525179723.0854561, 1525179723.408217, 1525179723.5692296, 1525179723.664245], "initial_reset_timestamp": 1525179722.2960505, "episode_rewards": [81.0, 42.0, 35.0, 46.0, 27.0, 21.0, 56.0, 54.0], "episode_lengths": [81, 42, 35, 46, 27, 21, 56, 54]}