{"episode_types": ["t", "t", "t", "t", "t", "t", "t", "t", "t", "t", "t", "t", "t"], "timestamps": [1525179722.3967175, 1525179722.4345224, 1525179722.491179, 1525179722.5156395, 1525179722.5717587, 1525179722.9111433, 1525179722.9576252, 1525179723.058267, 1525179723.3892903, 1525179723.522528, 1525179723.6137514, 1525179723.6432686], "initial_reset_timestamp": 1525179722.2960198, "episode_rewards": [31.0, 16.0, 29.0, 14.0, 31.0, 13.0, 25.0, 58.0, 34.0, 30.0, 52.0, 17.0], "episode_lengths": [31, 16, 29, 14, 31, 13, 25, 58, 34, 30, 52, 17]}