{"episode_types": ["t", "t", "t", "t", "t", "t", "t", "t", "t", "t", "t", "t"], "timestamps": [1525179722.3846033, 1525179722.4858007, 1525179722.5186045, 1525179722.5585666, 1525179722.8805068, 1525179722.9257987, 1525179722.9830527, 1525179723.0850108, 1525179723.4863875, 1525179723.5337226, 1525179723.6449182], "initial_reset_timestamp": 1525179722.2949631, "episode_rewards": [26.0, 47.0, 19.0, 23.0, 14.0, 11.0, 35.0, 56.0, 31.0, 25.0, 64.0], "episode_lengths": [26, 47, 19, 23, 14, 11, 35, 56, 31, 25, 64]}