{"episode_types": ["t", "t", "t", "t", "t", "t", "t", "t", "t", "t", "t", "t", "t", "t", "t"], "timestamps": [1525179722.3677995, 1525179722.4227188, 1525179722.4531453, 1525179722.492844, 1525179722.527239, 1525179722.55229, 1525179722.9445064, 1525179722.9652605, 1525179722.9937265, 1525179723.0294008, 1525179723.0681674, 1525179723.564257, 1525179723.6294522, 1525179723.6665807], "initial_reset_timestamp": 1525179722.2959654, "episode_rewards": [18.0, 25.0, 13.0, 21.0, 20.0, 15.0, 39.0, 13.0, 17.0, 18.0, 24.0, 82.0, 37.0, 21.0], "episode_lengths": [18, 25, 13, 21, 20, 15, 39, 13, 17, 18, 24, 82, 37, 21]}