{"episode_types": ["t", "t", "t", "t", "t", "t", "t", "t", "t", "t", "t", "t", "t", "t"], "timestamps": [1525179722.4224112, 1525179722.4597692, 1525179722.4825764, 1525179722.4987364, 1525179722.51525, 1525179722.5414057, 1525179722.5697231, 1525179722.9299164, 1525179723.0231872, 1525179723.044147, 1525179723.1173968, 1525179723.526556, 1525179723.6034307], "initial_reset_timestamp": 1525179722.2970102, "episode_rewards": [43.0, 16.0, 12.0, 9.0, 10.0, 15.0, 15.0, 22.0, 54.0, 12.0, 42.0, 33.0, 44.0], "episode_lengths": [43, 16, 12, 9, 10, 15, 15, 22, 54, 12, 42, 33, 44]}