{"episode_types": ["t", "t", "t", "t", "t", "t", "t", "t", "t", "t", "t", "t", "t", "t", "t"], "timestamps": [1525179722.360933, 1525179722.408354, 1525179722.4491348, 1525179722.497208, 1525179722.5400326, 1525179722.5621395, 1525179722.8771956, 1525179722.9782114, 1525179723.0021808, 1525179723.0378242, 1525179723.0699348, 1525179723.1023278, 1525179723.4908807, 1525179723.6516685], "initial_reset_timestamp": 1525179722.2960029, "episode_rewards": [15.0, 21.0, 18.0, 25.0, 25.0, 12.0, 11.0, 45.0, 13.0, 19.0, 20.0, 17.0, 23.0, 91.0], "episode_lengths": [15, 21, 18, 25, 25, 12, 11, 45, 13, 19, 20, 17, 23, 91]}