{"episode_types": ["t", "t", "t", "t", "t", "t", "t", "t", "t", "t", "t", "t"], "timestamps": [1525179722.4056146, 1525179722.426513, 1525179722.4792085, 1525179722.5135264, 1525179722.5586112, 1525179722.929289, 1525179722.9933028, 1525179723.039598, 1525179723.080448, 1525179723.3889308, 1525179723.642279], "initial_reset_timestamp": 1525179722.2950532, "episode_rewards": [35.0, 9.0, 25.0, 20.0, 26.0, 27.0, 39.0, 24.0, 24.0, 22.0, 99.0], "episode_lengths": [35, 9, 25, 20, 26, 27, 39, 24, 24, 22, 99]}