{"episode_types": ["t", "t", "t", "t", "t", "t", "t", "t", "t", "t", "t", "t", "t", "t", "t", "t", "t"], "timestamps": [1525179722.36075, 1525179722.4268308, 1525179722.459932, 1525179722.4950886, 1525179722.5210545, 1525179722.559523, 1525179722.9080791, 1525179722.9332025, 1525179722.9552171, 1525179723.0273895, 1525179723.073085, 1525179723.115603, 1525179723.4906037, 1525179723.568985, 1525179723.6102605, 1525179723.677129], "initial_reset_timestamp": 1525179722.2972496, "episode_rewards": [15.0, 29.0, 15.0, 19.0, 15.0, 22.0, 18.0, 11.0, 14.0, 40.0, 28.0, 23.0, 15.0, 44.0, 23.0, 37.0], "episode_lengths": [15, 29, 15, 19, 15, 22, 18, 11, 14, 40, 28, 23, 15, 44, 23, 37]}