{"episode_types": ["t", "t", "t", "t", "t", "t", "t", "t", "t", "t", "t", "t", "t"], "timestamps": [1525179722.403555, 1525179722.4626596, 1525179722.4935913, 1525179722.541937, 1525179722.5754752, 1525179722.9241455, 1525179722.9899693, 1525179723.0360122, 1525179723.0941615, 1525179723.5154705, 1525179723.6318262, 1525179723.6821225], "initial_reset_timestamp": 1525179722.2960014, "episode_rewards": [34.0, 26.0, 17.0, 28.0, 18.0, 16.0, 40.0, 24.0, 33.0, 41.0, 66.0, 27.0], "episode_lengths": [34, 26, 17, 28, 18, 16, 40, 24, 33, 41, 66, 27]}