{"episode_types": ["t", "t", "t", "t", "t", "t", "t", "t", "t"], "timestamps": [1525179722.3870146, 1525179722.4298186, 1525179722.5118616, 1525179722.8768237, 1525179723.0206575, 1525179723.0850756, 1525179723.5556211, 1525179723.6881351], "initial_reset_timestamp": 1525179722.2950065, "episode_rewards": [27.0, 18.0, 43.0, 39.0, 68.0, 36.0, 69.0, 73.0], "episode_lengths": [27, 18, 43, 39, 68, 36, 69, 73]}