{"episode_types": ["t", "t", "t", "t", "t", "t", "t", "t", "t", "t", "t", "t", "t", "t", "t", "t", "t", "t", "t", "t", "t", "t", "t", "t", "t", "t", "t", "t", "t", "t", "t", "t", "t", "t", "t", "t", "t", "t", "t", "t", "t", "t", "t", "t", "t", "t", "t", "t", "t", "t", "t", "t", "t", "t", "t", "t", "t", "t", "t", "t", "t", "t", "t", "t", "t", "t", "t", "t", "t", "t"], "episode_rewards": [81.0, 42.0, 19.0, 18.0, 28.0, 63.0, 34.0, 140.0, 200.0, 181.0, 200.0, 191.0, 200.0, 200.0, 200.0, 126.0, 163.0, 200.0, 200.0, 200.0, 200.0, 200.0, 200.0, 200.0, 200.0, 200.0, 200.0, 200.0, 200.0, 200.0, 200.0, 200.0, 200.0, 200.0, 200.0, 200.0, 200.0, 200.0, 200.0, 200.0, 200.0, 200.0, 200.0, 200.0, 200.0, 200.0, 200.0, 200.0, 200.0, 200.0, 200.0, 200.0, 200.0, 174.0, 189.0, 176.0, 181.0, 178.0, 200.0, 200.0, 200.0, 200.0, 200.0, 200.0, 200.0, 200.0, 200.0, 200.0, 200.0], "episode_lengths": [81, 42, 19, 18, 28, 63, 34, 140, 200, 181, 200, 191, 200, 200, 200, 126, 163, 200, 200, 200, 200, 200, 200, 200, 200, 200, 200, 200, 200, 200, 200, 200, 200, 200, 200, 200, 200, 200, 200, 200, 200, 200, 200, 200, 200, 200, 200, 200, 200, 200, 200, 200, 200, 174, 189, 176, 181, 178, 200, 200, 200, 200, 200, 200, 200, 200, 200, 200, 200], "timestamps": [1525178579.9152815, 1525178579.986825, 1525178580.208432, 1525178580.2558477, 1525178580.306385, 1525178580.5950792, 1525178580.6881323, 1525178581.1438537, 1525178581.6892807, 1525178582.3997786, 1525178583.057093, 1525178583.531337, 1525178584.1622016, 1525178584.6804895, 1525178585.3356068, 1525178585.724217, 1525178586.1468203, 1525178586.77951, 1525178587.2477896, 1525178587.9154856, 1525178588.659554, 1525178589.1243134, 1525178589.8165622, 1525178590.3053477, 1525178591.0048108, 1525178591.6776705, 1525178592.163624, 1525178592.906348, 1525178593.490128, 1525178594.1891017, 1525178594.812644, 1525178595.309325, 1525178596.0470948, 1525178596.512462, 1525178597.1715617, 1525178597.8723197, 1525178598.380271, 1525178599.0617456, 1525178599.5701237, 1525178600.2480764, 1525178600.8859098, 1525178601.388513, 1525178602.0365138, 1525178602.5381675, 1525178603.2228906, 1525178603.9142568, 1525178604.4112158, 1525178605.1304471, 1525178605.5941494, 1525178606.3088317, 1525178606.9425464, 1525178607.4333653, 1525178608.1035643, 1525178608.5890658, 1525178609.2749233, 1525178609.7153187, 1525178610.413373, 1525178610.892893, 1525178611.5625198, 1525178612.1189296, 1525178612.791657, 1525178613.279951, 1525178613.9914684, 1525178614.7081301, 1525178615.199413, 1525178615.986022, 1525178616.4636486, 1525178617.1728806, 1525178617.8757129], "initial_reset_timestamp": 1525178579.725805}