{"episode_types": ["t", "t", "t", "t", "t", "t", "t", "t", "t", "t", "t", "t", "t", "t", "t", "t", "t", "t", "t", "t", "t", "t", "t", "t", "t", "t", "t", "t", "t", "t", "t", "t", "t", "t", "t", "t", "t", "t", "t", "t", "t", "t", "t", "t", "t", "t", "t", "t", "t", "t", "t", "t", "t", "t", "t", "t", "t", "t", "t", "t", "t", "t", "t", "t", "t", "t", "t", "t", "t", "t", "t", "t", "t"], "episode_rewards": [34.0, 26.0, 17.0, 28.0, 18.0, 32.0, 21.0, 32.0, 25.0, 55.0, 200.0, 126.0, 200.0, 200.0, 200.0, 200.0, 200.0, 200.0, 137.0, 200.0, 200.0, 200.0, 200.0, 200.0, 200.0, 200.0, 200.0, 200.0, 200.0, 200.0, 200.0, 200.0, 200.0, 200.0, 200.0, 200.0, 200.0, 200.0, 200.0, 200.0, 200.0, 200.0, 200.0, 200.0, 200.0, 200.0, 200.0, 200.0, 200.0, 200.0, 200.0, 200.0, 200.0, 200.0, 174.0, 186.0, 200.0, 118.0, 178.0, 166.0, 200.0, 200.0, 185.0, 200.0, 200.0, 200.0, 200.0, 200.0, 200.0, 200.0, 200.0, 200.0], "episode_lengths": [34, 26, 17, 28, 18, 32, 21, 32, 25, 55, 200, 126, 200, 200, 200, 200, 200, 200, 137, 200, 200, 200, 200, 200, 200, 200, 200, 200, 200, 200, 200, 200, 200, 200, 200, 200, 200, 200, 200, 200, 200, 200, 200, 200, 200, 200, 200, 200, 200, 200, 200, 200, 200, 200, 174, 186, 200, 118, 178, 166, 200, 200, 185, 200, 200, 200, 200, 200, 200, 200, 200, 200], "timestamps": [1525178579.8312132, 1525178579.8716486, 1525178579.9045956, 1525178579.957443, 1525178579.9874747, 1525178580.2447138, 1525178580.2827284, 1525178580.3447912, 1525178580.3866282, 1525178580.6928136, 1525178581.2358847, 1525178581.6686106, 1525178582.4113114, 1525178583.0893462, 1525178583.5616665, 1525178584.1902165, 1525178584.705387, 1525178585.367522, 1525178585.764923, 1525178586.4045143, 1525178586.8729258, 1525178587.5106514, 1525178588.1973238, 1525178588.754731, 1525178589.435899, 1525178589.9132545, 1525178590.5798905, 1525178591.2269206, 1525178591.77761, 1525178592.4939668, 1525178593.0363357, 1525178593.7672672, 1525178594.4224095, 1525178594.920626, 1525178595.63417, 1525178596.146054, 1525178596.7815924, 1525178597.3947704, 1525178597.993293, 1525178598.67245, 1525178599.1585183, 1525178599.843464, 1525178600.4758284, 1525178600.9977276, 1525178601.6446478, 1525178602.1417267, 1525178602.8413749, 1525178603.4576662, 1525178604.0163047, 1525178604.6929533, 1525178605.235093, 1525178605.8714426, 1525178606.5614111, 1525178607.0474703, 1525178607.4899929, 1525178608.1523757, 1525178608.857938, 1525178609.2179046, 1525178609.6885927, 1525178610.1929543, 1525178610.876877, 1525178611.3742895, 1525178612.0746534, 1525178612.7423768, 1525178613.2303867, 1525178613.9550838, 1525178614.4826376, 1525178615.1522028, 1525178615.9469266, 1525178616.4250264, 1525178617.136799, 1525178617.6293666], "initial_reset_timestamp": 1525178579.7258615}