{"episode_types": ["t", "t", "t", "t", "t", "t", "t", "t", "t", "t", "t", "t", "t", "t", "t", "t", "t", "t", "t", "t", "t", "t", "t", "t", "t", "t", "t", "t", "t", "t", "t", "t", "t", "t", "t", "t", "t", "t", "t", "t", "t", "t", "t", "t", "t", "t", "t", "t", "t", "t", "t", "t", "t", "t", "t", "t", "t", "t", "t", "t", "t", "t", "t", "t", "t", "t", "t", "t", "t", "t", "t", "t", "t"], "episode_rewards": [35.0, 9.0, 25.0, 20.0, 26.0, 19.0, 40.0, 44.0, 112.0, 156.0, 200.0, 107.0, 200.0, 200.0, 200.0, 200.0, 172.0, 115.0, 127.0, 200.0, 200.0, 200.0, 200.0, 200.0, 200.0, 200.0, 200.0, 200.0, 200.0, 200.0, 200.0, 200.0, 200.0, 200.0, 200.0, 200.0, 200.0, 200.0, 200.0, 200.0, 200.0, 200.0, 200.0, 200.0, 200.0, 200.0, 200.0, 200.0, 200.0, 200.0, 200.0, 200.0, 200.0, 200.0, 200.0, 168.0, 169.0, 182.0, 200.0, 179.0, 148.0, 188.0, 200.0, 200.0, 200.0, 200.0, 200.0, 200.0, 200.0, 200.0, 200.0, 200.0], "episode_lengths": [35, 9, 25, 20, 26, 19, 40, 44, 112, 156, 200, 107, 200, 200, 200, 200, 172, 115, 127, 200, 200, 200, 200, 200, 200, 200, 200, 200, 200, 200, 200, 200, 200, 200, 200, 200, 200, 200, 200, 200, 200, 200, 200, 200, 200, 200, 200, 200, 200, 200, 200, 200, 200, 200, 200, 168, 169, 182, 200, 179, 148, 188, 200, 200, 200, 200, 200, 200, 200, 200, 200, 200], "timestamps": [1525178579.832596, 1525178579.8457685, 1525178579.8884346, 1525178579.9310198, 1525178579.9731517, 1525178580.1900845, 1525178580.2788162, 1525178580.3631465, 1525178580.7632732, 1525178581.2320366, 1525178581.957739, 1525178582.3720276, 1525178582.84791, 1525178583.5219407, 1525178584.155209, 1525178584.6720626, 1525178585.273387, 1525178585.6361444, 1525178585.998068, 1525178586.4835715, 1525178587.1294513, 1525178587.5897193, 1525178588.3243554, 1525178588.9889517, 1525178589.5263262, 1525178590.1815343, 1525178590.6813731, 1525178591.3489726, 1525178592.0218265, 1525178592.5854995, 1525178593.3508298, 1525178593.856133, 1525178594.5311406, 1525178595.1454492, 1525178595.7288768, 1525178596.393255, 1525178596.8762732, 1525178597.516031, 1525178598.2449489, 1525178598.7597942, 1525178599.421079, 1525178599.928628, 1525178600.5991204, 1525178601.2361841, 1525178601.725016, 1525178602.4022126, 1525178602.9230196, 1525178603.5683613, 1525178604.2505124, 1525178604.7783139, 1525178605.4787543, 1525178605.976323, 1525178606.6631827, 1525178607.2804534, 1525178607.7817566, 1525178608.247535, 1525178608.9103415, 1525178609.3842564, 1525178610.0984287, 1525178610.583709, 1525178611.1581185, 1525178611.6725836, 1525178612.376941, 1525178612.8789384, 1525178613.54525, 1525178614.0840724, 1525178614.7891297, 1525178615.5319152, 1525178616.0749145, 1525178616.7819884, 1525178617.2744112, 1525178617.971142], "initial_reset_timestamp": 1525178579.7256482}