{"episode_types": ["t", "t", "t", "t", "t", "t", "t", "t", "t", "t", "t", "t", "t", "t", "t", "t", "t", "t", "t", "t", "t", "t", "t", "t", "t", "t", "t", "t", "t", "t", "t", "t", "t", "t", "t", "t", "t", "t", "t", "t", "t", "t", "t", "t", "t", "t", "t", "t", "t", "t", "t", "t", "t", "t", "t", "t", "t", "t", "t", "t", "t", "t", "t", "t", "t", "t", "t", "t", "t", "t", "t", "t", "t", "t", "t"], "episode_rewards": [24.0, 14.0, 37.0, 22.0, 18.0, 17.0, 27.0, 38.0, 18.0, 32.0, 84.0, 116.0, 200.0, 172.0, 151.0, 200.0, 200.0, 200.0, 180.0, 132.0, 106.0, 160.0, 200.0, 200.0, 200.0, 200.0, 200.0, 200.0, 200.0, 200.0, 200.0, 200.0, 200.0, 200.0, 200.0, 200.0, 200.0, 200.0, 200.0, 200.0, 200.0, 200.0, 200.0, 200.0, 200.0, 200.0, 200.0, 200.0, 200.0, 200.0, 200.0, 200.0, 200.0, 200.0, 200.0, 200.0, 200.0, 181.0, 178.0, 157.0, 177.0, 191.0, 199.0, 200.0, 196.0, 200.0, 200.0, 200.0, 200.0, 200.0, 200.0, 200.0, 200.0, 200.0], "episode_lengths": [24, 14, 37, 22, 18, 17, 27, 38, 18, 32, 84, 116, 200, 172, 151, 200, 200, 200, 180, 132, 106, 160, 200, 200, 200, 200, 200, 200, 200, 200, 200, 200, 200, 200, 200, 200, 200, 200, 200, 200, 200, 200, 200, 200, 200, 200, 200, 200, 200, 200, 200, 200, 200, 200, 200, 200, 200, 181, 178, 157, 177, 191, 199, 200, 196, 200, 200, 200, 200, 200, 200, 200, 200, 200], "timestamps": [1525178579.8136253, 1525178579.8373494, 1525178579.9000218, 1525178579.945028, 1525178579.9732096, 1525178580.1864052, 1525178580.2520378, 1525178580.3263097, 1525178580.3578482, 1525178580.4072506, 1525178580.7660434, 1525178581.1783016, 1525178581.8993747, 1525178582.4181554, 1525178582.8093789, 1525178583.4867933, 1525178583.9659276, 1525178584.6301293, 1525178585.0745897, 1525178585.6392856, 1525178585.8196132, 1525178586.399587, 1525178586.8679779, 1525178587.5056703, 1525178588.0320265, 1525178588.748236, 1525178589.4293926, 1525178589.9080346, 1525178590.5748143, 1525178591.0993652, 1525178591.7712162, 1525178592.487883, 1525178593.0301886, 1525178593.7620645, 1525178594.2755113, 1525178594.9140913, 1525178595.6277454, 1525178596.1406333, 1525178596.7765622, 1525178597.2622766, 1525178597.9869034, 1525178598.6660562, 1525178599.1532204, 1525178599.8384144, 1525178600.3370411, 1525178600.9912632, 1525178601.6381688, 1525178602.136586, 1525178602.8363163, 1525178603.3219845, 1525178604.0095353, 1525178604.6874561, 1525178605.2299664, 1525178605.8641405, 1525178606.4003637, 1525178607.0421398, 1525178607.6942694, 1525178608.180217, 1525178608.8316946, 1525178609.2959478, 1525178609.7397566, 1525178610.4779105, 1525178610.960605, 1525178611.657313, 1525178612.3270938, 1525178612.8581848, 1525178613.5199773, 1525178614.0572805, 1525178614.76828, 1525178615.4904919, 1525178616.0487287, 1525178616.7610102, 1525178617.246849, 1525178617.9429271], "initial_reset_timestamp": 1525178579.7256489}