{"episode_types": ["t", "t", "t", "t", "t", "t", "t", "t", "t", "t", "t", "t", "t", "t", "t", "t", "t", "t", "t", "t", "t", "t", "t", "t", "t", "t", "t", "t", "t", "t", "t", "t", "t", "t", "t", "t", "t", "t", "t", "t", "t", "t", "t", "t", "t", "t", "t", "t", "t", "t", "t", "t", "t", "t", "t", "t", "t", "t", "t", "t", "t", "t", "t", "t", "t", "t", "t", "t", "t", "t", "t", "t", "t"], "episode_rewards": [29.0, 17.0, 46.0, 13.0, 16.0, 10.0, 31.0, 28.0, 52.0, 42.0, 121.0, 150.0, 200.0, 200.0, 200.0, 200.0, 200.0, 181.0, 179.0, 193.0, 200.0, 200.0, 200.0, 200.0, 200.0, 200.0, 200.0, 200.0, 200.0, 200.0, 200.0, 200.0, 200.0, 200.0, 200.0, 200.0, 200.0, 200.0, 200.0, 200.0, 200.0, 200.0, 200.0, 200.0, 200.0, 200.0, 200.0, 200.0, 200.0, 200.0, 200.0, 200.0, 200.0, 200.0, 200.0, 200.0, 177.0, 121.0, 175.0, 200.0, 184.0, 200.0, 200.0, 200.0, 200.0, 200.0, 200.0, 200.0, 200.0, 200.0, 200.0, 200.0], "episode_lengths": [29, 17, 46, 13, 16, 10, 31, 28, 52, 42, 121, 150, 200, 200, 200, 200, 200, 181, 179, 193, 200, 200, 200, 200, 200, 200, 200, 200, 200, 200, 200, 200, 200, 200, 200, 200, 200, 200, 200, 200, 200, 200, 200, 200, 200, 200, 200, 200, 200, 200, 200, 200, 200, 200, 200, 200, 177, 121, 175, 200, 184, 200, 200, 200, 200, 200, 200, 200, 200, 200, 200, 200], "timestamps": [1525178579.822969, 1525178579.8493607, 1525178579.9373574, 1525178579.9574099, 1525178579.983602, 1525178580.1847537, 1525178580.2609441, 1525178580.3125331, 1525178580.3997414, 1525178580.6860452, 1525178581.1153104, 1525178581.5559926, 1525178582.2963815, 1525178582.7889297, 1525178583.4660208, 1525178583.9450436, 1525178584.607335, 1525178585.0540793, 1525178585.7123983, 1525178586.180035, 1525178586.8128629, 1525178587.41731, 1525178587.9586155, 1525178588.6913123, 1525178589.1656518, 1525178589.8503575, 1525178590.486184, 1525178591.0422196, 1525178591.7164116, 1525178592.1952295, 1525178592.949454, 1525178593.677945, 1525178594.2212415, 1525178594.85044, 1525178595.3522568, 1525178596.0796065, 1525178596.71966, 1525178597.2059367, 1525178597.9138143, 1525178598.4120433, 1525178599.0937796, 1525178599.755453, 1525178600.2793615, 1525178600.9299393, 1525178601.4233754, 1525178602.0687735, 1525178602.7719018, 1525178603.2652845, 1525178603.9513235, 1525178604.4424412, 1525178605.1729746, 1525178605.7798245, 1525178606.344133, 1525178606.980935, 1525178607.4648862, 1525178608.145993, 1525178608.6250656, 1525178609.0006, 1525178609.6496854, 1525178610.2097943, 1525178610.8648987, 1525178611.362613, 1525178612.0917127, 1525178612.7561057, 1525178613.243605, 1525178613.9653282, 1525178614.493445, 1525178615.1642466, 1525178615.9593947, 1525178616.4357624, 1525178617.1466897, 1525178617.642616], "initial_reset_timestamp": 1525178579.7258666}