{"episode_types": ["t", "t", "t", "t", "t", "t", "t", "t", "t", "t", "t", "t", "t", "t", "t", "t", "t", "t", "t", "t", "t", "t", "t", "t", "t", "t", "t", "t", "t", "t", "t", "t", "t", "t", "t", "t", "t", "t", "t", "t", "t", "t", "t", "t", "t", "t", "t", "t", "t", "t", "t", "t", "t", "t", "t", "t", "t", "t", "t", "t", "t", "t", "t", "t", "t", "t", "t", "t", "t", "t", "t", "t", "t", "t"], "episode_rewards": [15.0, 21.0, 18.0, 25.0, 25.0, 12.0, 11.0, 41.0, 29.0, 87.0, 29.0, 111.0, 141.0, 200.0, 146.0, 167.0, 200.0, 200.0, 200.0, 155.0, 131.0, 200.0, 200.0, 200.0, 200.0, 200.0, 200.0, 200.0, 200.0, 200.0, 200.0, 200.0, 200.0, 200.0, 200.0, 200.0, 200.0, 200.0, 200.0, 200.0, 200.0, 200.0, 200.0, 200.0, 200.0, 200.0, 200.0, 200.0, 200.0, 200.0, 200.0, 200.0, 200.0, 200.0, 200.0, 200.0, 200.0, 200.0, 200.0, 200.0, 200.0, 140.0, 200.0, 200.0, 200.0, 200.0, 200.0, 200.0, 200.0, 200.0, 200.0, 200.0, 200.0], "episode_lengths": [15, 21, 18, 25, 25, 12, 11, 41, 29, 87, 29, 111, 141, 200, 146, 167, 200, 200, 200, 155, 131, 200, 200, 200, 200, 200, 200, 200, 200, 200, 200, 200, 200, 200, 200, 200, 200, 200, 200, 200, 200, 200, 200, 200, 200, 200, 200, 200, 200, 200, 200, 200, 200, 200, 200, 200, 200, 200, 200, 200, 200, 140, 200, 200, 200, 200, 200, 200, 200, 200, 200, 200, 200], "timestamps": [1525178579.7990904, 1525178579.8344946, 1525178579.860692, 1525178579.908494, 1525178579.955622, 1525178579.9759586, 1525178580.1765876, 1525178580.2697053, 1525178580.3265204, 1525178580.6859875, 1525178580.7316155, 1525178581.1419477, 1525178581.576111, 1525178582.3313336, 1525178582.7040324, 1525178583.1850219, 1525178583.8235931, 1525178584.294481, 1525178584.9671674, 1525178585.4005144, 1525178585.7859578, 1525178586.4225159, 1525178586.8907654, 1525178587.5286818, 1525178588.2633712, 1525178588.7779293, 1525178589.4573011, 1525178589.9321017, 1525178590.6034596, 1525178591.2823846, 1525178591.7979944, 1525178592.5190864, 1525178593.0612547, 1525178593.7871556, 1525178594.472379, 1525178594.9404168, 1525178595.6581092, 1525178596.1655407, 1525178596.7993984, 1525178597.4562201, 1525178598.0213184, 1525178598.6957777, 1525178599.177192, 1525178599.8618653, 1525178600.5357847, 1525178601.0202322, 1525178601.66449, 1525178602.1604004, 1525178602.8597064, 1525178603.494539, 1525178604.0434256, 1525178604.7126968, 1525178605.2536082, 1525178605.8966773, 1525178606.6021314, 1525178607.066105, 1525178607.7170835, 1525178608.2278526, 1525178608.9412978, 1525178609.6201692, 1525178610.1747034, 1525178610.5817997, 1525178611.2674818, 1525178611.9519806, 1525178612.494098, 1525178613.1448042, 1525178613.6594985, 1525178614.4014287, 1525178615.0492742, 1525178615.6465776, 1525178616.3390217, 1525178616.8732905, 1525178617.5452824], "initial_reset_timestamp": 1525178579.7257755}