{"episode_types": ["t", "t", "t", "t", "t", "t", "t", "t", "t", "t", "t", "t", "t", "t", "t", "t", "t", "t", "t", "t", "t", "t", "t", "t", "t", "t", "t", "t", "t", "t", "t", "t", "t", "t", "t", "t", "t", "t", "t", "t", "t", "t", "t", "t", "t", "t", "t", "t", "t", "t", "t", "t", "t", "t", "t", "t", "t", "t", "t", "t", "t", "t", "t", "t", "t", "t", "t", "t", "t", "t", "t", "t"], "episode_rewards": [31.0, 16.0, 29.0, 14.0, 31.0, 16.0, 39.0, 74.0, 75.0, 33.0, 164.0, 200.0, 200.0, 200.0, 200.0, 200.0, 200.0, 200.0, 183.0, 200.0, 200.0, 200.0, 200.0, 200.0, 200.0, 200.0, 200.0, 200.0, 200.0, 200.0, 200.0, 200.0, 200.0, 200.0, 200.0, 200.0, 200.0, 200.0, 200.0, 200.0, 200.0, 200.0, 200.0, 200.0, 200.0, 200.0, 200.0, 200.0, 200.0, 200.0, 200.0, 200.0, 200.0, 200.0, 200.0, 200.0, 168.0, 167.0, 193.0, 200.0, 200.0, 200.0, 200.0, 200.0, 200.0, 200.0, 200.0, 200.0, 200.0, 200.0, 200.0], "episode_lengths": [31, 16, 29, 14, 31, 16, 39, 74, 75, 33, 164, 200, 200, 200, 200, 200, 200, 200, 183, 200, 200, 200, 200, 200, 200, 200, 200, 200, 200, 200, 200, 200, 200, 200, 200, 200, 200, 200, 200, 200, 200, 200, 200, 200, 200, 200, 200, 200, 200, 200, 200, 200, 200, 200, 200, 200, 168, 167, 193, 200, 200, 200, 200, 200, 200, 200, 200, 200, 200, 200, 200], "timestamps": [1525178579.8260653, 1525178579.8510861, 1525178579.9022405, 1525178579.933022, 1525178579.9833531, 1525178580.196024, 1525178580.2824943, 1525178580.4145668, 1525178580.753351, 1525178580.8152018, 1525178581.5061839, 1525178582.039598, 1525178582.724842, 1525178583.2459054, 1525178583.8913198, 1525178584.5582542, 1525178585.033805, 1525178585.7221315, 1525178586.1750953, 1525178586.8081493, 1525178587.4091122, 1525178587.9519048, 1525178588.6865163, 1525178589.159556, 1525178589.8446684, 1525178590.477962, 1525178591.0375054, 1525178591.711955, 1525178592.1902492, 1525178592.9433336, 1525178593.6730444, 1525178594.2164261, 1525178594.845685, 1525178595.3457694, 1525178596.0743425, 1525178596.714574, 1525178597.200886, 1525178597.9078357, 1525178598.4073374, 1525178599.0887904, 1525178599.7493808, 1525178600.274458, 1525178600.9251175, 1525178601.4173124, 1525178602.0638125, 1525178602.7645924, 1525178603.2603123, 1525178603.9461684, 1525178604.4376442, 1525178605.1662886, 1525178605.7748055, 1525178606.3391542, 1525178606.9755611, 1525178607.459854, 1525178608.1382184, 1525178608.828223, 1525178609.309954, 1525178609.7379553, 1525178610.4802678, 1525178610.9645133, 1525178611.6612966, 1525178612.3409522, 1525178612.867461, 1525178613.530239, 1525178614.0692546, 1525178614.777723, 1525178615.4999223, 1525178616.0604155, 1525178616.7701373, 1525178617.2616546, 1525178617.9553998], "initial_reset_timestamp": 1525178579.7257903}