{"episode_types": ["t", "t", "t", "t", "t", "t", "t", "t", "t", "t", "t", "t", "t", "t", "t", "t", "t", "t", "t", "t", "t", "t", "t", "t", "t", "t", "t", "t", "t", "t", "t", "t", "t", "t", "t", "t", "t", "t", "t", "t", "t", "t", "t", "t", "t", "t", "t", "t", "t", "t", "t", "t", "t", "t", "t", "t", "t", "t", "t", "t", "t", "t", "t", "t", "t", "t", "t", "t", "t", "t", "t"], "episode_rewards": [27.0, 18.0, 43.0, 39.0, 42.0, 64.0, 64.0, 71.0, 76.0, 200.0, 200.0, 180.0, 200.0, 200.0, 200.0, 179.0, 137.0, 200.0, 200.0, 200.0, 200.0, 200.0, 200.0, 200.0, 200.0, 200.0, 200.0, 200.0, 200.0, 200.0, 200.0, 200.0, 200.0, 200.0, 200.0, 200.0, 200.0, 200.0, 200.0, 200.0, 200.0, 200.0, 200.0, 200.0, 200.0, 200.0, 200.0, 200.0, 200.0, 200.0, 200.0, 200.0, 144.0, 200.0, 154.0, 192.0, 198.0, 129.0, 200.0, 200.0, 200.0, 200.0, 200.0, 200.0, 200.0, 200.0, 200.0, 200.0, 200.0, 200.0], "episode_lengths": [27, 18, 43, 39, 42, 64, 64, 71, 76, 200, 200, 180, 200, 200, 200, 179, 137, 200, 200, 200, 200, 200, 200, 200, 200, 200, 200, 200, 200, 200, 200, 200, 200, 200, 200, 200, 200, 200, 200, 200, 200, 200, 200, 200, 200, 200, 200, 200, 200, 200, 200, 200, 144, 200, 154, 192, 198, 129, 200, 200, 200, 200, 200, 200, 200, 200, 200, 200, 200, 200], "timestamps": [1525178579.8190114, 1525178579.8475716, 1525178579.92951, 1525178580.1763225, 1525178580.2716374, 1525178580.3860874, 1525178580.7066636, 1525178580.8310676, 1525178581.1737745, 1525178581.8759494, 1525178582.4587913, 1525178583.106959, 1525178583.575329, 1525178584.2049077, 1525178584.71879, 1525178585.3468058, 1525178585.747853, 1525178586.3880553, 1525178586.8569727, 1525178587.4941564, 1525178588.017004, 1525178588.7362356, 1525178589.414415, 1525178589.8962655, 1525178590.562654, 1525178591.0860856, 1525178591.7596328, 1525178592.473375, 1525178593.0090387, 1525178593.7501082, 1525178594.2640288, 1525178594.8987563, 1525178595.6127367, 1525178596.128814, 1525178596.765042, 1525178597.2506592, 1525178597.9718695, 1525178598.650975, 1525178599.1418257, 1525178599.8264503, 1525178600.323305, 1525178600.9749084, 1525178601.6239052, 1525178602.1232557, 1525178602.8239655, 1525178603.30827, 1525178603.995907, 1525178604.6722548, 1525178605.2182202, 1525178605.8491716, 1525178606.3883913, 1525178607.0266986, 1525178607.4297335, 1525178608.098767, 1525178608.5537221, 1525178609.2194474, 1525178609.720548, 1525178610.1595666, 1525178610.8483799, 1525178611.3504012, 1525178612.0702271, 1525178612.7217062, 1525178613.2272546, 1525178613.9527028, 1525178614.4800935, 1525178615.1497386, 1525178615.9442947, 1525178616.421959, 1525178617.133878, 1525178617.6266067], "initial_reset_timestamp": 1525178579.7256382}