{"episode_types": ["t", "t", "t", "t", "t", "t", "t", "t", "t", "t", "t", "t", "t", "t", "t", "t", "t", "t", "t", "t", "t", "t", "t", "t", "t", "t", "t", "t", "t", "t", "t", "t", "t", "t", "t", "t", "t", "t", "t", "t", "t", "t", "t", "t", "t", "t", "t", "t", "t", "t", "t", "t", "t", "t", "t", "t", "t", "t", "t", "t", "t", "t", "t", "t", "t", "t", "t", "t"], "episode_rewards": [27.0, 21.0, 42.0, 36.0, 63.0, 200.0, 200.0, 174.0, 200.0, 181.0, 200.0, 200.0, 200.0, 147.0, 125.0, 200.0, 200.0, 200.0, 200.0, 200.0, 200.0, 200.0, 200.0, 200.0, 200.0, 200.0, 200.0, 200.0, 200.0, 200.0, 200.0, 200.0, 200.0, 200.0, 200.0, 200.0, 200.0, 200.0, 200.0, 200.0, 200.0, 200.0, 200.0, 200.0, 200.0, 200.0, 200.0, 200.0, 176.0, 200.0, 200.0, 154.0, 200.0, 200.0, 167.0, 200.0, 200.0, 200.0, 200.0, 200.0, 200.0, 200.0, 200.0, 200.0, 200.0, 200.0, 200.0], "episode_lengths": [27, 21, 42, 36, 63, 200, 200, 174, 200, 181, 200, 200, 200, 147, 125, 200, 200, 200, 200, 200, 200, 200, 200, 200, 200, 200, 200, 200, 200, 200, 200, 200, 200, 200, 200, 200, 200, 200, 200, 200, 200, 200, 200, 200, 200, 200, 200, 200, 176, 200, 200, 154, 200, 200, 167, 200, 200, 200, 200, 200, 200, 200, 200, 200, 200, 200, 200], "timestamps": [1525178579.8195508, 1525178579.8523746, 1525178579.9327044, 1525178580.174315, 1525178580.3091896, 1525178581.0894084, 1525178581.6208909, 1525178582.3273964, 1525178582.799859, 1525178583.449654, 1525178583.9292977, 1525178584.591727, 1525178585.0658698, 1525178585.6730204, 1525178586.0328367, 1525178586.496481, 1525178587.1417685, 1525178587.6021075, 1525178588.3417318, 1525178589.001387, 1525178589.545294, 1525178590.198885, 1525178590.698134, 1525178591.3640504, 1525178592.0573554, 1525178592.598057, 1525178593.3640332, 1525178593.8687563, 1525178594.5435674, 1525178595.1817353, 1525178595.741389, 1525178596.4072654, 1525178596.8891735, 1525178597.5307472, 1525178598.2772324, 1525178598.7729754, 1525178599.438847, 1525178599.942802, 1525178600.6116226, 1525178601.272564, 1525178601.737664, 1525178602.4150648, 1525178602.935817, 1525178603.5811222, 1525178604.2888415, 1525178604.799396, 1525178605.4916716, 1525178605.9944413, 1525178606.641478, 1525178607.1057658, 1525178607.7568245, 1525178608.2031205, 1525178608.913679, 1525178609.412694, 1525178610.074307, 1525178610.5955353, 1525178611.2853825, 1525178611.9876668, 1525178612.5077581, 1525178613.158587, 1525178613.6732402, 1525178614.415895, 1525178615.0864825, 1525178615.6603878, 1525178616.3524923, 1525178616.8871827, 1525178617.5585637], "initial_reset_timestamp": 1525178579.726755}