{"episode_types": ["t", "t", "t", "t", "t", "t", "t", "t", "t", "t", "t", "t", "t", "t", "t", "t", "t", "t", "t", "t", "t", "t", "t", "t", "t", "t", "t", "t", "t", "t", "t", "t", "t", "t", "t", "t", "t", "t", "t", "t", "t", "t", "t", "t", "t", "t", "t", "t", "t", "t", "t", "t", "t", "t", "t", "t", "t", "t", "t", "t", "t", "t", "t", "t", "t", "t", "t", "t", "t", "t"], "episode_rewards": [26.0, 47.0, 19.0, 23.0, 22.0, 59.0, 53.0, 85.0, 200.0, 200.0, 142.0, 200.0, 200.0, 200.0, 200.0, 170.0, 174.0, 200.0, 200.0, 200.0, 200.0, 200.0, 200.0, 200.0, 200.0, 200.0, 200.0, 200.0, 200.0, 200.0, 200.0, 200.0, 200.0, 200.0, 200.0, 200.0, 200.0, 200.0, 200.0, 200.0, 200.0, 200.0, 200.0, 200.0, 200.0, 200.0, 200.0, 200.0, 200.0, 200.0, 200.0, 200.0, 200.0, 200.0, 200.0, 167.0, 180.0, 186.0, 200.0, 200.0, 200.0, 200.0, 200.0, 200.0, 200.0, 200.0, 200.0, 200.0, 200.0], "episode_lengths": [26, 47, 19, 23, 22, 59, 53, 85, 200, 200, 142, 200, 200, 200, 200, 170, 174, 200, 200, 200, 200, 200, 200, 200, 200, 200, 200, 200, 200, 200, 200, 200, 200, 200, 200, 200, 200, 200, 200, 200, 200, 200, 200, 200, 200, 200, 200, 200, 200, 200, 200, 200, 200, 200, 200, 167, 180, 186, 200, 200, 200, 200, 200, 200, 200, 200, 200, 200, 200], "timestamps": [1525178579.816436, 1525178579.8960679, 1525178579.936679, 1525178579.9730701, 1525178580.1956468, 1525178580.3235514, 1525178580.411411, 1525178580.7716706, 1525178581.5228717, 1525178582.0612628, 1525178582.6454365, 1525178583.1813817, 1525178583.8192554, 1525178584.2901018, 1525178584.9637008, 1525178585.418616, 1525178586.0403788, 1525178586.5020409, 1525178587.147306, 1525178587.6078887, 1525178588.3477776, 1525178589.0082655, 1525178589.5547981, 1525178590.204914, 1525178590.7082067, 1525178591.370197, 1525178592.0654843, 1525178592.6037798, 1525178593.3704462, 1525178593.8757334, 1525178594.5510604, 1525178595.1874537, 1525178595.7469976, 1525178596.4147098, 1525178596.8949432, 1525178597.5384755, 1525178598.2838714, 1525178598.778887, 1525178599.4467883, 1525178599.948679, 1525178600.6179097, 1525178601.2782748, 1525178601.7433128, 1525178602.4208517, 1525178602.9418178, 1525178603.5869353, 1525178604.2964292, 1525178604.8074977, 1525178605.4975443, 1525178606.0035913, 1525178606.680994, 1525178607.3045053, 1525178607.8038838, 1525178608.5258212, 1525178609.028043, 1525178609.6580942, 1525178610.1808267, 1525178610.8406353, 1525178611.343943, 1525178612.0612078, 1525178612.7126176, 1525178613.219295, 1525178613.9465528, 1525178614.4738045, 1525178615.143572, 1525178615.917545, 1525178616.4156668, 1525178617.1279776, 1525178617.620568], "initial_reset_timestamp": 1525178579.7256393}