{"episode_types": ["t", "t", "t", "t", "t", "t", "t", "t", "t", "t", "t", "t", "t", "t", "t", "t", "t", "t", "t", "t", "t", "t", "t", "t", "t", "t", "t", "t", "t", "t", "t", "t", "t", "t", "t", "t", "t", "t", "t", "t", "t", "t", "t", "t", "t", "t", "t", "t", "t", "t", "t", "t", "t", "t", "t", "t", "t", "t", "t", "t", "t", "t", "t", "t", "t", "t", "t", "t", "t", "t", "t", "t", "t", "t", "t"], "episode_rewards": [43.0, 16.0, 12.0, 9.0, 10.0, 15.0, 15.0, 63.0, 35.0, 47.0, 40.0, 42.0, 133.0, 147.0, 200.0, 200.0, 200.0, 200.0, 200.0, 143.0, 200.0, 129.0, 200.0, 200.0, 200.0, 200.0, 200.0, 200.0, 200.0, 200.0, 200.0, 200.0, 200.0, 200.0, 200.0, 200.0, 200.0, 200.0, 200.0, 200.0, 200.0, 200.0, 200.0, 200.0, 200.0, 200.0, 200.0, 200.0, 200.0, 200.0, 200.0, 200.0, 200.0, 200.0, 200.0, 200.0, 173.0, 200.0, 147.0, 200.0, 168.0, 187.0, 189.0, 146.0, 200.0, 200.0, 200.0, 200.0, 200.0, 200.0, 200.0, 200.0, 200.0, 200.0], "episode_lengths": [43, 16, 12, 9, 10, 15, 15, 63, 35, 47, 40, 42, 133, 147, 200, 200, 200, 200, 200, 143, 200, 129, 200, 200, 200, 200, 200, 200, 200, 200, 200, 200, 200, 200, 200, 200, 200, 200, 200, 200, 200, 200, 200, 200, 200, 200, 200, 200, 200, 200, 200, 200, 200, 200, 200, 200, 173, 200, 147, 200, 168, 187, 189, 146, 200, 200, 200, 200, 200, 200, 200, 200, 200, 200], "timestamps": [1525178579.8440883, 1525178579.8689234, 1525178579.8922713, 1525178579.9116604, 1525178579.9326408, 1525178579.9569094, 1525178579.9814866, 1525178580.295677, 1525178580.3638728, 1525178580.655442, 1525178580.7181532, 1525178580.7951272, 1525178581.2235968, 1525178581.847348, 1525178582.433065, 1525178583.1112232, 1525178583.580145, 1525178584.2091362, 1525178584.8749146, 1525178585.2837389, 1525178585.7943242, 1525178586.1661503, 1525178586.7988203, 1525178587.2654917, 1525178587.9394822, 1525178588.6776702, 1525178589.1479683, 1525178589.8355796, 1525178590.3229463, 1525178591.028257, 1525178591.70064, 1525178592.1812725, 1525178592.9309618, 1525178593.5080407, 1525178594.207789, 1525178594.836815, 1525178595.3331625, 1525178596.065368, 1525178596.5332072, 1525178597.1916363, 1525178597.8960626, 1525178598.3983831, 1525178599.0795784, 1525178599.5907586, 1525178600.2656415, 1525178600.9115493, 1525178601.4058907, 1525178602.0543833, 1525178602.5635908, 1525178603.2477262, 1525178603.937366, 1525178604.4286382, 1525178605.154629, 1525178605.6120696, 1525178606.3282697, 1525178606.96635, 1525178607.412052, 1525178608.0766177, 1525178608.5236547, 1525178609.0255642, 1525178609.6581624, 1525178610.1951785, 1525178610.8599544, 1525178611.2758386, 1525178611.9609022, 1525178612.501253, 1525178613.1523438, 1525178613.6670258, 1525178614.4091837, 1525178615.0771925, 1525178615.6539946, 1525178616.346395, 1525178616.8807633, 1525178617.5523276], "initial_reset_timestamp": 1525178579.7273312}