{"episode_types": ["t", "t", "t", "t", "t", "t", "t", "t", "t", "t", "t", "t", "t", "t", "t", "t", "t", "t", "t", "t", "t", "t", "t", "t", "t", "t", "t", "t", "t", "t", "t", "t", "t", "t", "t", "t", "t", "t", "t", "t", "t", "t", "t", "t", "t", "t", "t", "t", "t", "t", "t", "t", "t", "t", "t", "t", "t", "t", "t", "t", "t", "t", "t", "t", "t", "t", "t", "t", "t", "t", "t", "t", "t", "t"], "episode_rewards": [15.0, 29.0, 15.0, 19.0, 15.0, 22.0, 25.0, 58.0, 44.0, 46.0, 200.0, 200.0, 96.0, 147.0, 200.0, 200.0, 200.0, 200.0, 182.0, 157.0, 200.0, 200.0, 200.0, 200.0, 200.0, 200.0, 200.0, 200.0, 200.0, 200.0, 200.0, 200.0, 200.0, 200.0, 200.0, 200.0, 200.0, 200.0, 200.0, 200.0, 200.0, 200.0, 200.0, 200.0, 200.0, 200.0, 200.0, 200.0, 200.0, 200.0, 200.0, 200.0, 200.0, 200.0, 182.0, 200.0, 200.0, 150.0, 200.0, 135.0, 145.0, 187.0, 200.0, 200.0, 200.0, 200.0, 200.0, 200.0, 200.0, 200.0, 200.0, 200.0, 200.0], "episode_lengths": [15, 29, 15, 19, 15, 22, 25, 58, 44, 46, 200, 200, 96, 147, 200, 200, 200, 200, 182, 157, 200, 200, 200, 200, 200, 200, 200, 200, 200, 200, 200, 200, 200, 200, 200, 200, 200, 200, 200, 200, 200, 200, 200, 200, 200, 200, 200, 200, 200, 200, 200, 200, 200, 200, 182, 200, 200, 150, 200, 135, 145, 187, 200, 200, 200, 200, 200, 200, 200, 200, 200, 200, 200], "timestamps": [1525178579.798909, 1525178579.8458555, 1525178579.8690355, 1525178579.9062421, 1525178579.9392169, 1525178579.9740052, 1525178580.2028968, 1525178580.3287525, 1525178580.399336, 1525178580.6924295, 1525178581.2352417, 1525178581.961019, 1525178582.3595278, 1525178582.7415805, 1525178583.428107, 1525178583.9074333, 1525178584.57349, 1525178585.0465128, 1525178585.7088008, 1525178586.1171417, 1525178586.7549472, 1525178587.2246857, 1525178587.8851523, 1525178588.4435732, 1525178589.0961123, 1525178589.7874174, 1525178590.2827144, 1525178590.973934, 1525178591.4396505, 1525178592.1404498, 1525178592.8762083, 1525178593.4609692, 1525178594.1663477, 1525178594.623649, 1525178595.2769265, 1525178596.0245895, 1525178596.4889026, 1525178597.1482317, 1525178597.627964, 1525178598.3572242, 1525178599.0382729, 1525178599.5400548, 1525178600.2159653, 1525178600.6863754, 1525178601.3657985, 1525178602.0088341, 1525178602.506401, 1525178603.1915543, 1525178603.674121, 1525178604.3867898, 1525178605.0996802, 1525178605.5699546, 1525178606.278924, 1525178606.74999, 1525178607.376122, 1525178608.0247052, 1525178608.5771651, 1525178608.9925199, 1525178609.6807177, 1525178610.1212182, 1525178610.550256, 1525178611.2043543, 1525178611.712788, 1525178612.4294899, 1525178612.918059, 1525178613.599485, 1525178614.343051, 1525178614.8431268, 1525178615.5860476, 1525178616.118226, 1525178616.8223631, 1525178617.4961958, 1525178618.023518], "initial_reset_timestamp": 1525178579.726728}