{"episode_types": ["t", "t", "t", "t", "t", "t", "t", "t", "t", "t", "t", "t", "t", "t", "t", "t", "t", "t", "t", "t", "t", "t", "t", "t", "t", "t", "t", "t", "t", "t", "t", "t", "t", "t", "t", "t", "t", "t", "t", "t", "t", "t", "t", "t", "t", "t", "t", "t", "t", "t", "t", "t", "t", "t", "t", "t", "t", "t", "t", "t", "t", "t", "t", "t", "t", "t", "t", "t", "t", "t", "t", "t"], "episode_rewards": [27.0, 44.0, 15.0, 29.0, 10.0, 33.0, 38.0, 35.0, 96.0, 37.0, 176.0, 175.0, 200.0, 200.0, 200.0, 200.0, 200.0, 200.0, 143.0, 200.0, 200.0, 200.0, 200.0, 200.0, 200.0, 200.0, 200.0, 200.0, 200.0, 200.0, 200.0, 200.0, 200.0, 200.0, 200.0, 200.0, 200.0, 200.0, 200.0, 200.0, 200.0, 200.0, 200.0, 200.0, 200.0, 200.0, 200.0, 200.0, 200.0, 200.0, 200.0, 200.0, 200.0, 169.0, 200.0, 200.0, 200.0, 200.0, 200.0, 197.0, 200.0, 200.0, 200.0, 200.0, 200.0, 200.0, 200.0, 200.0, 200.0, 200.0, 200.0], "episode_lengths": [27, 44, 15, 29, 10, 33, 38, 35, 96, 37, 176, 175, 200, 200, 200, 200, 200, 200, 143, 200, 200, 200, 200, 200, 200, 200, 200, 200, 200, 200, 200, 200, 200, 200, 200, 200, 200, 200, 200, 200, 200, 200, 200, 200, 200, 200, 200, 200, 200, 200, 200, 200, 200, 169, 200, 200, 200, 200, 200, 197, 200, 200, 200, 200, 200, 200, 200, 200, 200, 200, 200], "timestamps": [1525178579.818384, 1525178579.8921897, 1525178579.9262059, 1525178579.9736462, 1525178579.990293, 1525178580.2488644, 1525178580.324036, 1525178580.3831534, 1525178580.7571063, 1525178580.8234196, 1525178581.531206, 1525178582.0184982, 1525178582.7114077, 1525178583.2356765, 1525178583.8780773, 1525178584.5476735, 1525178585.023315, 1525178585.7119713, 1525178586.0967958, 1525178586.7153175, 1525178587.2075255, 1525178587.8596168, 1525178588.4180112, 1525178589.079187, 1525178589.74683, 1525178590.2662368, 1525178590.950241, 1525178591.4233108, 1525178592.1188715, 1525178592.8322182, 1525178593.4382722, 1525178594.147687, 1525178594.6063979, 1525178595.2541986, 1525178595.984295, 1525178596.4719656, 1525178597.1311436, 1525178597.6044645, 1525178598.3374858, 1525178599.0009634, 1525178599.5180802, 1525178600.1909862, 1525178600.6696565, 1525178601.346642, 1525178601.9638927, 1525178602.4839664, 1525178603.169676, 1525178603.6563604, 1525178604.367819, 1525178605.0766797, 1525178605.5529053, 1525178606.2567391, 1525178606.733249, 1525178607.3362691, 1525178607.8171918, 1525178608.5360823, 1525178609.213569, 1525178609.7182422, 1525178610.4690437, 1525178610.9501076, 1525178611.6473572, 1525178612.1745305, 1525178612.8534598, 1525178613.5124588, 1525178614.0512905, 1525178614.7632565, 1525178615.2741811, 1525178616.0422282, 1525178616.755826, 1525178617.2403646, 1525178617.9351878], "initial_reset_timestamp": 1525178579.7276437}