{"episode_types": ["t", "t", "t", "t", "t", "t", "t", "t", "t", "t", "t", "t", "t", "t", "t", "t", "t", "t", "t", "t", "t", "t", "t", "t", "t", "t", "t", "t", "t", "t", "t", "t", "t", "t", "t", "t", "t", "t", "t", "t", "t", "t", "t", "t", "t", "t", "t", "t", "t", "t", "t", "t", "t", "t", "t", "t", "t", "t", "t", "t", "t", "t", "t", "t", "t", "t", "t", "t", "t", "t", "t"], "episode_rewards": [19.0, 46.0, 15.0, 12.0, 20.0, 48.0, 52.0, 44.0, 178.0, 94.0, 182.0, 200.0, 200.0, 200.0, 200.0, 200.0, 187.0, 131.0, 200.0, 200.0, 200.0, 200.0, 200.0, 200.0, 200.0, 200.0, 200.0, 200.0, 200.0, 200.0, 200.0, 200.0, 200.0, 200.0, 200.0, 200.0, 200.0, 200.0, 200.0, 200.0, 200.0, 200.0, 200.0, 200.0, 200.0, 200.0, 200.0, 200.0, 200.0, 200.0, 200.0, 200.0, 200.0, 200.0, 189.0, 200.0, 181.0, 200.0, 200.0, 200.0, 200.0, 200.0, 200.0, 200.0, 200.0, 200.0, 200.0, 200.0, 200.0, 200.0], "episode_lengths": [19, 46, 15, 12, 20, 48, 52, 44, 178, 94, 182, 200, 200, 200, 200, 200, 187, 131, 200, 200, 200, 200, 200, 200, 200, 200, 200, 200, 200, 200, 200, 200, 200, 200, 200, 200, 200, 200, 200, 200, 200, 200, 200, 200, 200, 200, 200, 200, 200, 200, 200, 200, 200, 200, 189, 200, 181, 200, 200, 200, 200, 200, 200, 200, 200, 200, 200, 200, 200, 200], "timestamps": [1525178579.805937, 1525178579.88098, 1525178579.9119778, 1525178579.9369476, 1525178579.9684222, 1525178580.2554576, 1525178580.3523445, 1525178580.6228757, 1525178581.1565883, 1525178581.5145512, 1525178581.994294, 1525178582.701653, 1525178583.228444, 1525178583.86923, 1525178584.5388856, 1525178585.0162947, 1525178585.6861286, 1525178586.0537848, 1525178586.5138683, 1525178587.1612167, 1525178587.778901, 1525178588.3630297, 1525178589.0384886, 1525178589.5662339, 1525178590.2169907, 1525178590.8816574, 1525178591.3818536, 1525178592.077255, 1525178592.6190796, 1525178593.3828194, 1525178594.0740583, 1525178594.5660713, 1525178595.2038774, 1525178595.7583027, 1525178596.4281082, 1525178597.0653872, 1525178597.5499861, 1525178598.2961617, 1525178598.791318, 1525178599.4621093, 1525178600.1114438, 1525178600.6293945, 1525178601.2950008, 1525178601.7548826, 1525178602.4321492, 1525178603.0983179, 1525178603.6024988, 1525178604.3115468, 1525178604.8231285, 1525178605.509478, 1525178606.1803148, 1525178606.6927664, 1525178607.3387814, 1525178607.8204792, 1525178608.5202403, 1525178609.0209384, 1525178609.6745582, 1525178610.2405913, 1525178610.913186, 1525178611.6055934, 1525178612.1383257, 1525178612.8150415, 1525178613.301475, 1525178614.0107162, 1525178614.727646, 1525178615.2251275, 1525178616.0057862, 1525178616.4839838, 1525178617.1919582, 1525178617.9001448], "initial_reset_timestamp": 1525178579.7256892}