{"episode_types": ["t", "t", "t", "t", "t", "t", "t", "t", "t", "t", "t", "t", "t", "t", "t", "t", "t", "t", "t", "t", "t", "t", "t", "t", "t", "t", "t", "t", "t", "t", "t", "t", "t", "t", "t", "t", "t", "t", "t", "t", "t", "t", "t", "t", "t", "t", "t", "t", "t", "t", "t", "t", "t", "t", "t", "t", "t", "t", "t", "t", "t", "t", "t", "t", "t", "t", "t", "t", "t", "t", "t", "t"], "episode_rewards": [19.0, 14.0, 11.0, 18.0, 38.0, 19.0, 109.0, 67.0, 57.0, 87.0, 64.0, 161.0, 176.0, 200.0, 200.0, 200.0, 200.0, 200.0, 149.0, 200.0, 200.0, 200.0, 200.0, 200.0, 200.0, 200.0, 200.0, 200.0, 200.0, 200.0, 200.0, 200.0, 200.0, 200.0, 200.0, 200.0, 200.0, 200.0, 200.0, 200.0, 200.0, 200.0, 200.0, 200.0, 200.0, 200.0, 200.0, 200.0, 200.0, 200.0, 200.0, 200.0, 200.0, 200.0, 200.0, 178.0, 184.0, 200.0, 200.0, 190.0, 200.0, 200.0, 200.0, 200.0, 200.0, 200.0, 200.0, 200.0, 200.0, 200.0, 200.0], "episode_lengths": [19, 14, 11, 18, 38, 19, 109, 67, 57, 87, 64, 161, 176, 200, 200, 200, 200, 200, 149, 200, 200, 200, 200, 200, 200, 200, 200, 200, 200, 200, 200, 200, 200, 200, 200, 200, 200, 200, 200, 200, 200, 200, 200, 200, 200, 200, 200, 200, 200, 200, 200, 200, 200, 200, 200, 178, 184, 200, 200, 190, 200, 200, 200, 200, 200, 200, 200, 200, 200, 200, 200], "timestamps": [1525178579.8058906, 1525178579.829073, 1525178579.8458974, 1525178579.8751895, 1525178579.949607, 1525178579.9800847, 1525178580.3788798, 1525178580.7035208, 1525178580.8058305, 1525178581.164641, 1525178581.4541216, 1525178581.927266, 1525178582.4514735, 1525178583.1293535, 1525178583.598353, 1525178584.2270887, 1525178584.9125164, 1525178585.410309, 1525178585.8215034, 1525178586.457114, 1525178587.1041605, 1525178587.5633879, 1525178588.2990472, 1525178588.8256595, 1525178589.4940758, 1525178590.1463716, 1525178590.6487882, 1525178591.3239372, 1525178591.8317845, 1525178592.56123, 1525178593.3227718, 1525178593.827264, 1525178594.506689, 1525178594.9751132, 1525178595.7043774, 1525178596.367579, 1525178596.8432555, 1525178597.4908378, 1525178598.0620637, 1525178598.7350535, 1525178599.3876264, 1525178599.8986695, 1525178600.5745108, 1525178601.0543833, 1525178601.6991818, 1525178602.3703904, 1525178602.8970053, 1525178603.5430264, 1525178604.0789046, 1525178604.7511477, 1525178605.452655, 1525178605.9428096, 1525178606.636706, 1525178607.1010156, 1525178607.7520835, 1525178608.2329853, 1525178608.9215305, 1525178609.567394, 1525178610.1477225, 1525178610.8205502, 1525178611.3272362, 1525178612.0389364, 1525178612.5471764, 1525178613.1976383, 1525178613.9294817, 1525178614.4570744, 1525178615.1261137, 1525178615.7000422, 1525178616.3939745, 1525178617.109267, 1525178617.603993], "initial_reset_timestamp": 1525178579.725695}