{"episode_types": ["t", "t", "t", "t", "t", "t", "t", "t", "t", "t", "t", "t", "t", "t", "t", "t", "t", "t", "t", "t", "t", "t", "t", "t", "t", "t", "t", "t", "t", "t", "t", "t", "t", "t", "t", "t", "t", "t", "t", "t", "t", "t", "t", "t", "t", "t", "t", "t", "t", "t", "t", "t", "t", "t", "t", "t", "t", "t", "t", "t", "t", "t", "t", "t", "t", "t", "t", "t", "t", "t", "t", "t", "t", "t"], "episode_rewards": [18.0, 25.0, 13.0, 21.0, 20.0, 15.0, 41.0, 89.0, 48.0, 40.0, 47.0, 197.0, 200.0, 200.0, 200.0, 200.0, 200.0, 193.0, 176.0, 137.0, 191.0, 200.0, 200.0, 200.0, 200.0, 200.0, 200.0, 200.0, 200.0, 200.0, 200.0, 200.0, 200.0, 200.0, 200.0, 200.0, 200.0, 200.0, 200.0, 200.0, 200.0, 200.0, 200.0, 200.0, 200.0, 200.0, 200.0, 200.0, 200.0, 200.0, 200.0, 200.0, 200.0, 200.0, 200.0, 200.0, 200.0, 200.0, 200.0, 126.0, 90.0, 200.0, 200.0, 200.0, 200.0, 200.0, 200.0, 200.0, 200.0, 200.0, 200.0, 200.0, 200.0], "episode_lengths": [18, 25, 13, 21, 20, 15, 41, 89, 48, 40, 47, 197, 200, 200, 200, 200, 200, 193, 176, 137, 191, 200, 200, 200, 200, 200, 200, 200, 200, 200, 200, 200, 200, 200, 200, 200, 200, 200, 200, 200, 200, 200, 200, 200, 200, 200, 200, 200, 200, 200, 200, 200, 200, 200, 200, 200, 200, 200, 200, 126, 90, 200, 200, 200, 200, 200, 200, 200, 200, 200, 200, 200, 200], "timestamps": [1525178579.8040955, 1525178579.8443067, 1525178579.8636563, 1525178579.9042203, 1525178579.9451823, 1525178579.9688606, 1525178580.241368, 1525178580.399492, 1525178580.6960256, 1525178580.7637267, 1525178581.0494437, 1525178581.5941303, 1525178582.3457346, 1525178582.8170447, 1525178583.4927409, 1525178583.9724138, 1525178584.6380653, 1525178585.2777116, 1525178585.7531838, 1525178586.1354396, 1525178586.7566519, 1525178587.2267678, 1525178587.8875546, 1525178588.4462435, 1525178589.09824, 1525178589.7897618, 1525178590.2848182, 1525178590.9767926, 1525178591.442315, 1525178592.1425307, 1525178592.8784792, 1525178593.4636083, 1525178594.1683714, 1525178594.6256025, 1525178595.2795558, 1525178596.0264864, 1525178596.4912388, 1525178597.1503048, 1525178597.6305676, 1525178598.3593102, 1525178599.0404372, 1525178599.5421405, 1525178600.2194047, 1525178600.689035, 1525178601.367902, 1525178602.0114446, 1525178602.509678, 1525178603.1938543, 1525178603.67702, 1525178604.3892636, 1525178605.1024551, 1525178605.5727096, 1525178606.2824872, 1525178606.752005, 1525178607.409709, 1525178608.0744035, 1525178608.604843, 1525178609.306369, 1525178609.7816014, 1525178610.2385914, 1525178610.5578644, 1525178611.237204, 1525178611.7378223, 1525178612.4644425, 1525178613.1187663, 1525178613.6348784, 1525178614.3769667, 1525178614.8700879, 1525178615.6225176, 1525178616.3053002, 1525178616.84891, 1525178617.5215578, 1525178618.0572686], "initial_reset_timestamp": 1525178579.7257576}