{"Iteration": 0, "ExpectedImprovement": 0.034955674409866334, "ActualImprovement": 0.03350099886711, "ImprovementRatio": 0.9583851386845007, "MeanKL": 0.006591078359633684, "Entropy": 8.513630867004395, "Perplexity": 4982.22021484375, "AveragePolicyStd": 1.0, "AveragePolicyStd[0]": 1.0, "AveragePolicyStd[1]": 1.0, "AveragePolicyStd[2]": 1.0, "AveragePolicyStd[3]": 1.0, "AveragePolicyStd[4]": 1.0, "AveragePolicyStd[5]": 1.0, "AverageReturn": -11.69450193873374, "MinReturn": -56.60041238863778, "MaxReturn": -0.13484322978329244, "StdReturn": 6.619114662658123, "AverageEpisodeLength": 17.9, "MinEpisodeLength": 12.0, "MaxEpisodeLength": 44.0, "StdEpisodeLength": 5.552476924760696, "TotalNEpisodes": 267, "TotalNSamples": 4873.0, "ExplainedVariance": -0.008579474581329016}
