{"Iteration": 0, "Steps": 999, "Epsilon": 0.905095, "Episodes": 58, "AverageReturn": 0.0, "AverageDiscountedReturn": 0.0, "TDError^2": NaN}
{"Iteration": 1, "Steps": 1999, "Epsilon": 0.810095, "Episodes": 114, "AverageReturn": 0.4, "AverageDiscountedReturn": 0.3350802617928482, "TDError^2": 0.010491742752492428}
{"Iteration": 2, "Steps": 2999, "Epsilon": 0.715095, "Episodes": 187, "AverageReturn": 0.2, "AverageDiscountedReturn": 0.18553721249088043, "TDError^2": 0.013440894894301891}
{"Iteration": 3, "Steps": 3999, "Epsilon": 0.6200950000000001, "Episodes": 272, "AverageReturn": 0.5, "AverageDiscountedReturn": 0.43092407325989857, "TDError^2": 0.018278807401657104}
{"Iteration": 4, "Steps": 4999, "Epsilon": 0.5250950000000001, "Episodes": 367, "AverageReturn": 0.8, "AverageDiscountedReturn": 0.7328811338795586, "TDError^2": 0.019992485642433167}
{"Iteration": 5, "Steps": 5999, "Epsilon": 0.430095, "Episodes": 466, "AverageReturn": 0.3, "AverageDiscountedReturn": 0.2715965068478516, "TDError^2": 0.026430923491716385}
{"Iteration": 6, "Steps": 6999, "Epsilon": 0.33509500000000003, "Episodes": 586, "AverageReturn": 0.8, "AverageDiscountedReturn": 0.7359474457523026, "TDError^2": 0.027130935341119766}
{"Iteration": 7, "Steps": 7999, "Epsilon": 0.24009499999999995, "Episodes": 717, "AverageReturn": 0.8, "AverageDiscountedReturn": 0.7475635781278809, "TDError^2": 0.022419987246394157}
{"Iteration": 8, "Steps": 8999, "Epsilon": 0.14509499999999997, "Episodes": 856, "AverageReturn": 0.6, "AverageDiscountedReturn": 0.565877024193491, "TDError^2": 0.026717254891991615}
{"Iteration": 9, "Steps": 9999, "Epsilon": 0.050095, "Episodes": 1009, "AverageReturn": 0.8, "AverageDiscountedReturn": 0.7607920399199999, "TDError^2": 0.02371138334274292}
{"Iteration": 10, "Steps": 10999, "Epsilon": 0.050000000000000044, "Episodes": 1166, "AverageReturn": 1.0, "AverageDiscountedReturn": 0.9462917796084641, "TDError^2": 0.022915266454219818}
{"Iteration": 11, "Steps": 11999, "Epsilon": 0.050000000000000044, "Episodes": 1325, "AverageReturn": 1.0, "AverageDiscountedReturn": 0.9472427696583641, "TDError^2": 0.020951323211193085}
{"Iteration": 12, "Steps": 12999, "Epsilon": 0.050000000000000044, "Episodes": 1483, "AverageReturn": 1.0, "AverageDiscountedReturn": 0.9490975797006989, "TDError^2": 0.019307643175125122}
{"Iteration": 13, "Steps": 13999, "Epsilon": 0.050000000000000044, "Episodes": 1640, "AverageReturn": 1.0, "AverageDiscountedReturn": 0.94438057395419, "TDError^2": 0.015287143178284168}
{"Iteration": 14, "Steps": 14999, "Epsilon": 0.050000000000000044, "Episodes": 1800, "AverageReturn": 1.0, "AverageDiscountedReturn": 0.9462541194514978, "TDError^2": 0.013068006373941898}
{"Iteration": 15, "Steps": 15999, "Epsilon": 0.050000000000000044, "Episodes": 1963, "AverageReturn": 1.0, "AverageDiscountedReturn": 0.948146589650799, "TDError^2": 0.010148844681680202}
{"Iteration": 16, "Steps": 16999, "Epsilon": 0.050000000000000044, "Episodes": 2120, "AverageReturn": 1.0, "AverageDiscountedReturn": 0.9472427696583641, "TDError^2": 0.007915522903203964}
{"Iteration": 17, "Steps": 17999, "Epsilon": 0.050000000000000044, "Episodes": 2281, "AverageReturn": 1.0, "AverageDiscountedReturn": 0.9509900498999999, "TDError^2": 0.0050460295751690865}
{"Iteration": 18, "Steps": 18999, "Epsilon": 0.050000000000000044, "Episodes": 2441, "AverageReturn": 1.0, "AverageDiscountedReturn": 0.9444367822115793, "TDError^2": 0.0037068554665893316}
{"Iteration": 19, "Steps": 19999, "Epsilon": 0.050000000000000044, "Episodes": 2600, "AverageReturn": 1.0, "AverageDiscountedReturn": 0.944399309409163, "TDError^2": 0.0025692975614219904}
{"Iteration": 20, "Steps": 20999, "Epsilon": 0.050000000000000044, "Episodes": 2758, "AverageReturn": 1.0, "AverageDiscountedReturn": 0.9472051095013979, "TDError^2": 0.0017524578142911196}
{"Iteration": 21, "Steps": 21999, "Epsilon": 0.050000000000000044, "Episodes": 2919, "AverageReturn": 1.0, "AverageDiscountedReturn": 0.9462541194514978, "TDError^2": 0.0011450612219050527}
{"Iteration": 22, "Steps": 22999, "Epsilon": 0.050000000000000044, "Episodes": 3077, "AverageReturn": 1.0, "AverageDiscountedReturn": 0.9509900498999999, "TDError^2": 0.0008747477550059557}
{"Iteration": 23, "Steps": 23999, "Epsilon": 0.050000000000000044, "Episodes": 3236, "AverageReturn": 1.0, "AverageDiscountedReturn": 0.9472427696583641, "TDError^2": 0.0006057088612578809}
{"Iteration": 24, "Steps": 24999, "Epsilon": 0.050000000000000044, "Episodes": 3398, "AverageReturn": 1.0, "AverageDiscountedReturn": 0.9500390598501, "TDError^2": 0.0004664748557843268}
{"Iteration": 25, "Steps": 25999, "Epsilon": 0.050000000000000044, "Episodes": 3559, "AverageReturn": 1.0, "AverageDiscountedReturn": 0.9509900498999999, "TDError^2": 0.0004331657546572387}
{"Iteration": 26, "Steps": 26999, "Epsilon": 0.050000000000000044, "Episodes": 3720, "AverageReturn": 1.0, "AverageDiscountedReturn": 0.9481370797503, "TDError^2": 0.0002430671447655186}
{"Iteration": 27, "Steps": 27999, "Epsilon": 0.050000000000000044, "Episodes": 3880, "AverageReturn": 0.9, "AverageDiscountedReturn": 0.8549400548600999, "TDError^2": 0.0002659218735061586}
{"Iteration": 28, "Steps": 28999, "Epsilon": 0.050000000000000044, "Episodes": 4041, "AverageReturn": 1.0, "AverageDiscountedReturn": 0.9490975797006989, "TDError^2": 0.0001308760984102264}
{"Iteration": 29, "Steps": 29999, "Epsilon": 0.050000000000000044, "Episodes": 4202, "AverageReturn": 1.0, "AverageDiscountedReturn": 0.9509900498999999, "TDError^2": 0.0001611239422345534}
{"Iteration": 30, "Steps": 30999, "Epsilon": 0.050000000000000044, "Episodes": 4360, "AverageReturn": 0.9, "AverageDiscountedReturn": 0.853047584660799, "TDError^2": 0.0001624924479983747}
{"Iteration": 31, "Steps": 31999, "Epsilon": 0.050000000000000044, "Episodes": 4521, "AverageReturn": 0.9, "AverageDiscountedReturn": 0.8530475846607988, "TDError^2": 0.00012636600877158344}
{"Iteration": 32, "Steps": 32999, "Epsilon": 0.050000000000000044, "Episodes": 4681, "AverageReturn": 1.0, "AverageDiscountedReturn": 0.948146589650799, "TDError^2": 0.00014236730930861086}
{"Iteration": 33, "Steps": 33999, "Epsilon": 0.050000000000000044, "Episodes": 4838, "AverageReturn": 1.0, "AverageDiscountedReturn": 0.94342958390429, "TDError^2": 9.653883898863569e-05}
{"Iteration": 34, "Steps": 34999, "Epsilon": 0.050000000000000044, "Episodes": 4994, "AverageReturn": 1.0, "AverageDiscountedReturn": 0.948146589650799, "TDError^2": 6.889343785587698e-05}
{"Iteration": 35, "Steps": 35999, "Epsilon": 0.050000000000000044, "Episodes": 5154, "AverageReturn": 1.0, "AverageDiscountedReturn": 0.9509900498999999, "TDError^2": 6.809754995629191e-05}
{"Iteration": 36, "Steps": 36999, "Epsilon": 0.050000000000000044, "Episodes": 5313, "AverageReturn": 0.9, "AverageDiscountedReturn": 0.8549400548600999, "TDError^2": 4.970100417267531e-05}
{"Iteration": 37, "Steps": 37999, "Epsilon": 0.050000000000000044, "Episodes": 5474, "AverageReturn": 1.0, "AverageDiscountedReturn": 0.9509900498999999, "TDError^2": 2.868729097826872e-05}
{"Iteration": 38, "Steps": 38999, "Epsilon": 0.050000000000000044, "Episodes": 5634, "AverageReturn": 1.0, "AverageDiscountedReturn": 0.9472051095013979, "TDError^2": 2.031742042163387e-05}
{"Iteration": 39, "Steps": 39999, "Epsilon": 0.050000000000000044, "Episodes": 5798, "AverageReturn": 1.0, "AverageDiscountedReturn": 0.948146589650799, "TDError^2": 3.0313529350678436e-05}
{"Iteration": 40, "Steps": 40999, "Epsilon": 0.050000000000000044, "Episodes": 5955, "AverageReturn": 0.9, "AverageDiscountedReturn": 0.851192774618464, "TDError^2": 1.7595226381672546e-05}
{"Iteration": 0, "Steps": 999, "Epsilon": 0.905095, "Episodes": 58, "AverageReturn": 0.0, "AverageDiscountedReturn": 0.0, "TDError^2": NaN}
{"Iteration": 1, "Steps": 1999, "Epsilon": 0.810095, "Episodes": 114, "AverageReturn": 0.5, "AverageDiscountedReturn": 0.4244764396541778, "TDError^2": 0.010427290573716164}
{"Iteration": 2, "Steps": 2999, "Epsilon": 0.715095,